LON,LAT,VARIABLE,TYPE,NAME,Name_Database,Paper_Database,Code_Proxy,Reference_Proxy,Reference_Proxy_Database
11,48.5,historical_proxy,documentary_proxy,Central_Europe_(Czech_Lands)_temp_index_(Dorbovolny)_APRTindex,DOCU-CLIM,https://doi.org/10.1038/s41597-023-02303-y,NA,Dobrovolny et al. 2010,NA
10,51,historical_proxy,documentary_proxy,Central_Europe_(Germany)_temp_index_(GlaserRiemann)_APRTindex,DOCU-CLIM,https://doi.org/10.1038/s41597-023-02303-y,NA,Glaser and Riemann 2009,NA
19.45,51.77,natural_proxy,documentary_proxy,Poland_TRecon_AprTRecon,DOCU-CLIM,https://doi.org/10.1038/s41597-023-02303-y,NA,Klimat Krakowa w XX wieku 2007,NA
7.367,47.1167,historical_proxy,documentary_proxy,Swiss_precip_index_(Pfister)_APRDOCU_PRECIPITATION,DOCU-CLIM,https://doi.org/10.1038/s41597-023-02303-y,NA,Pfister 1992,NA
7.367,47.1167,historical_proxy,documentary_proxy,Swiss_temp_index_(Pfister)_APRTindex,DOCU-CLIM,https://doi.org/10.1038/s41597-023-02303-y,NA,Pfister 1992,NA
-4.7278,37.5443,historical_proxy,documentary_proxy,Andalusia_MAM_precip_indexDOCU_PRECIPITATION,DOCU-CLIM,https://doi.org/10.1038/s41597-023-02303-y,NA,Rodrigo et al. 1999; Rodrigo et al. 2000,NA
11,48.5,historical_proxy,documentary_proxy,Central_Europe_(Czech_Lands)_temp_index_(Dorbovolny)_MAYTindex,DOCU-CLIM,https://doi.org/10.1038/s41597-023-02303-y,NA,Dobrovolny et al. 2010,NA
10,51,historical_proxy,documentary_proxy,Central_Europe_(Germany)_temp_index_(GlaserRiemann)_MAYTindex,DOCU-CLIM,https://doi.org/10.1038/s41597-023-02303-y,NA,Glaser and Riemann 2009,NA
11,44,natural_proxy,documentary_proxy,Northern_Italy_TRecon_MAMTRecon,DOCU-CLIM,https://doi.org/10.1038/s41597-023-02303-y,NA,Camuffo et al. 2010,NA
19.45,51.77,natural_proxy,documentary_proxy,Poland_TRecon_MayTRecon,DOCU-CLIM,https://doi.org/10.1038/s41597-023-02303-y,NA,Klimat Krakowa w XX wieku 2007,NA
7.367,47.1167,historical_proxy,documentary_proxy,Swiss_precip_index_(Pfister)_MAYDOCU_PRECIPITATION,DOCU-CLIM,https://doi.org/10.1038/s41597-023-02303-y,NA,Pfister 1992,NA
7.367,47.1167,historical_proxy,documentary_proxy,Swiss_temp_index_(Pfister)_MAYTindex,DOCU-CLIM,https://doi.org/10.1038/s41597-023-02303-y,NA,Pfister 1992,NA
14,42.5,natural_proxy,documentary_proxy,Western_Mediterranean_TRecon_MAMTRecon,DOCU-CLIM,https://doi.org/10.1038/s41597-023-02303-y,NA,Camuffo et al. 2010,NA
14,47.5,historical_proxy,documentary_proxy,WesternMediterraneanRainfallAMDOCU_PRECIPITATION,DOCU-CLIM,https://doi.org/10.1038/s41597-023-02303-y,NA,Camuffo et al. 2010,NA
11,48.5,historical_proxy,documentary_proxy,Central_Europe_(Czech_Lands)_temp_index_(Dorbovolny)_JUNTindex,DOCU-CLIM,https://doi.org/10.1038/s41597-023-02303-y,NA,Dobrovolny et al. 2010,NA
10,51,historical_proxy,documentary_proxy,Central_Europe_(Germany)_temp_index_(GlaserRiemann)_JUNTindex,DOCU-CLIM,https://doi.org/10.1038/s41597-023-02303-y,NA,Glaser and Riemann 2009,NA
14.1318,50.53348,historical_proxy,documentary_proxy,Czech_Wheat_Harvest_DateWheat_harvest_date,DOCU-CLIM,https://doi.org/10.1038/s41597-023-02303-y,NA,Mosny et al. 2012,NA
4.83,45.48,historical_proxy,documentary_proxy,NorthernRhonevalleyGHDGrape_Harvest_Date,DOCU-CLIM,https://doi.org/10.1038/s41597-023-02303-y,NA,Daux et al. 2012,NA
19.45,51.77,natural_proxy,documentary_proxy,Poland_TRecon_JunTRecon,DOCU-CLIM,https://doi.org/10.1038/s41597-023-02303-y,NA,Klimat Krakowa w XX wieku 2007,NA
7.367,47.1167,historical_proxy,documentary_proxy,Swiss_precip_index_(Pfister)_JUNDOCU_PRECIPITATION,DOCU-CLIM,https://doi.org/10.1038/s41597-023-02303-y,NA,Pfister 1992,NA
7.367,47.1167,historical_proxy,documentary_proxy,Swiss_temp_index_(Pfister)_JUNTindex,DOCU-CLIM,https://doi.org/10.1038/s41597-023-02303-y,NA,Pfister 1992,NA
7,47,historical_proxy,documentary_proxy,Swiss_WheatHarvestDateWheat_harvest_date,DOCU-CLIM,https://doi.org/10.1038/s41597-023-02303-y,NA,Wetter and Pfister 2011,NA
4.8397,47.025002,historical_proxy,documentary_proxy,BeauneGHDGrape_Harvest_Date,DOCU-CLIM,https://doi.org/10.1038/s41597-023-02303-y,NA,Labbe et al. 2019,NA
11,48.5,historical_proxy,documentary_proxy,Central_Europe_(Czech_Lands)_temp_index_(Dorbovolny)_JULTindex,DOCU-CLIM,https://doi.org/10.1038/s41597-023-02303-y,NA,Dobrovolny et al. 2010,NA
10,51,historical_proxy,documentary_proxy,Central_Europe_(Germany)_temp_index_(GlaserRiemann)_JULTindex,DOCU-CLIM,https://doi.org/10.1038/s41597-023-02303-y,NA,Glaser and Riemann 2009,NA
14.132778,50.534167,historical_proxy,documentary_proxy,CzechGHDGrape_Harvest_Date,DOCU-CLIM,https://doi.org/10.1038/s41597-023-02303-y,NA,Mosny et al. 2016,NA
2.23,48.93,historical_proxy,documentary_proxy,IledeFranceGHDGrape_Harvest_Date,DOCU-CLIM,https://doi.org/10.1038/s41597-023-02303-y,NA,Daux et al. 2012,NA
5.88,46.93,historical_proxy,documentary_proxy,JuraGHDGrape_Harvest_Date,DOCU-CLIM,https://doi.org/10.1038/s41597-023-02303-y,NA,Daux et al. 2012,NA
19.45,51.77,natural_proxy,documentary_proxy,Poland_TRecon_JulTRecon,DOCU-CLIM,https://doi.org/10.1038/s41597-023-02303-y,NA,Klimat Krakowa w XX wieku 2007,NA
-3.3,42.34,historical_proxy,documentary_proxy,SpainGHDGrape_Harvest_Date,DOCU-CLIM,https://doi.org/10.1038/s41597-023-02303-y,NA,Daux et al. 2012,NA
7.367,47.1167,historical_proxy,documentary_proxy,Swiss_precip_index_(Pfister)_JULDOCU_PRECIPITATION,DOCU-CLIM,https://doi.org/10.1038/s41597-023-02303-y,NA,Pfister 1992,NA
7.367,47.1167,historical_proxy,documentary_proxy,Swiss_temp_index_(Pfister)_JULTindex,DOCU-CLIM,https://doi.org/10.1038/s41597-023-02303-y,NA,Pfister 1992,NA
-4.7278,37.5443,historical_proxy,documentary_proxy,Andalusia_JJA_precip_indexDOCU_PRECIPITATION,DOCU-CLIM,https://doi.org/10.1038/s41597-023-02303-y,NA,Rodrigo et al. 1999; Rodrigo et al. 2000,NA
11,48.5,historical_proxy,documentary_proxy,Central_Europe_(Czech_Lands)_temp_index_(Dorbovolny)_AUGTindex,DOCU-CLIM,https://doi.org/10.1038/s41597-023-02303-y,NA,Dobrovolny et al. 2010,NA
10,51,historical_proxy,documentary_proxy,Central_Europe_(Germany)_temp_index_(GlaserRiemann)_AUGTindex,DOCU-CLIM,https://doi.org/10.1038/s41597-023-02303-y,NA,Glaser and Riemann 2009,NA
16.333333,48.3,historical_proxy,documentary_proxy,Czech_lands_AMJJA_SPEIDOCU_PRECIPITATION,DOCU-CLIM,https://doi.org/10.1038/s41597-023-02303-y,NA,Maurer et al. 2009,NA
4.4,51.260197,natural_proxy,documentary_proxy,Low_Countries_TRecon_JJATRecon,DOCU-CLIM,https://doi.org/10.1038/s41597-023-02303-y,NA,Van Engelen et al. 2003,NA
11,44,natural_proxy,documentary_proxy,Northern_Italy_TRecon_JJATRecon,DOCU-CLIM,https://doi.org/10.1038/s41597-023-02303-y,NA,Camuffo et al. 2010,NA
19.45,51.77,natural_proxy,documentary_proxy,Poland_TRecon_AugTRecon,DOCU-CLIM,https://doi.org/10.1038/s41597-023-02303-y,NA,Klimat Krakowa w XX wieku 2007,NA
7.367,47.1167,historical_proxy,documentary_proxy,Swiss_precip_index_(Pfister)_AUGDOCU_PRECIPITATION,DOCU-CLIM,https://doi.org/10.1038/s41597-023-02303-y,NA,Pfister 1992,NA
7.367,47.1167,historical_proxy,documentary_proxy,Swiss_temp_index_(Pfister)_AUGTindex,DOCU-CLIM,https://doi.org/10.1038/s41597-023-02303-y,NA,Pfister 1992,NA
14,42.5,natural_proxy,documentary_proxy,Western_Mediterranean_TRecon_JJATRecon,DOCU-CLIM,https://doi.org/10.1038/s41597-023-02303-y,NA,Camuffo et al. 2010,NA
14,47.5,historical_proxy,documentary_proxy,WesternMediterraneanRainfallJJADOCU_PRECIPITATION,DOCU-CLIM,https://doi.org/10.1038/s41597-023-02303-y,NA,Camuffo et al. 2010,NA
11,48.5,historical_proxy,documentary_proxy,Central_Europe_(Czech_Lands)_temp_index_(Dorbovolny)_SEPTindex,DOCU-CLIM,https://doi.org/10.1038/s41597-023-02303-y,NA,Dobrovolny et al. 2010,NA
10,51,historical_proxy,documentary_proxy,Central_Europe_(Germany)_temp_index_(GlaserRiemann)_SEPTindex,DOCU-CLIM,https://doi.org/10.1038/s41597-023-02303-y,NA,Glaser and Riemann 2009,NA
19.45,51.77,natural_proxy,documentary_proxy,Poland_TRecon_SepTRecon,DOCU-CLIM,https://doi.org/10.1038/s41597-023-02303-y,NA,Klimat Krakowa w XX wieku 2007,NA
-70.78,-33.38,historical_proxy,documentary_proxy,SantiagodeChileprecipitationDOCU_PRECIPITATION,DOCU-CLIM,https://doi.org/10.1038/s41597-023-02303-y,NA,Taulis 1934,NA
7.367,47.1167,historical_proxy,documentary_proxy,Swiss_precip_index_(Pfister)_SEPDOCU_PRECIPITATION,DOCU-CLIM,https://doi.org/10.1038/s41597-023-02303-y,NA,Pfister 1992,NA
7.367,47.1167,historical_proxy,documentary_proxy,Swiss_temp_index_(Pfister)_SEPTindex,DOCU-CLIM,https://doi.org/10.1038/s41597-023-02303-y,NA,Pfister 1992,NA
104,33.5,historical_proxy,documentary_proxy,WestQinlingMountainsDOCU_PRECIPITATION,DOCU-CLIM,https://doi.org/10.1038/s41597-023-02303-y,NA,Yang et al. 2016,NA
30.3,37.41666667,natural_proxy,tree_proxy,B14_europe_turk014.rwl,Breitenmoser 2014,https://doi.org/10.5194/cp-10-437-2014,Europe turk014.rwl,NA,http://cera-www.dkrz.de/WDCC/ui/Compact.jsp?acronym=EKF400_Input_Data
34.5,37,natural_proxy,tree_proxy,B14_europe_turk035.rwl,Breitenmoser 2014,https://doi.org/10.5194/cp-10-437-2014,Europe turk035.rwl,NA,http://cera-www.dkrz.de/WDCC/ui/Compact.jsp?acronym=EKF400_Input_Data
34.46666667,37.2,natural_proxy,tree_proxy,B14_europe_turk042.rwl,Breitenmoser 2014,https://doi.org/10.5194/cp-10-437-2014,Europe turk042.rwl,NA,http://cera-www.dkrz.de/WDCC/ui/Compact.jsp?acronym=EKF400_Input_Data
-74,57.3,natural_proxy,tree_proxy,NTREND_QUEw,N-TREND,https://doi.org/10.1016/j.quascirev.2015.12.005,QUEw,Gennaretti et al. (2014),https://ntrenddendro.wordpress.com/tr-data
30.8,66.26666667,natural_proxy,tree_proxy,B14_asia_russ016.rwl,Breitenmoser 2014,https://doi.org/10.5194/cp-10-437-2014,Asia russ016.rwl,NA,http://cera-www.dkrz.de/WDCC/ui/Compact.jsp?acronym=EKF400_Input_Data
65.63333333,66.86666667,natural_proxy,tree_proxy,B14_asia_russ021w.rwl,Breitenmoser 2014,https://doi.org/10.5194/cp-10-437-2014,Asia russ021w.rwl,NA,http://cera-www.dkrz.de/WDCC/ui/Compact.jsp?acronym=EKF400_Input_Data
-76,57.3,natural_proxy,tree_proxy,NTREND_QUEx,N-TREND,https://doi.org/10.1016/j.quascirev.2015.12.005,QUEx,Schneider et al. (2015),https://ntrenddendro.wordpress.com/tr-data
125.8666667,70.66666667,natural_proxy,tree_proxy,B14_asia_russ193.rwl,Breitenmoser 2014,https://doi.org/10.5194/cp-10-437-2014,Asia russ193.rwl,NA,http://cera-www.dkrz.de/WDCC/ui/Compact.jsp?acronym=EKF400_Input_Data
98.5,37,natural_proxy,tree_proxy,B14_asia_chin005.rwl,Breitenmoser 2014,https://doi.org/10.5194/cp-10-437-2014,Asia chin005.rwl,NA,http://cera-www.dkrz.de/WDCC/ui/Compact.jsp?acronym=EKF400_Input_Data
98,36,natural_proxy,tree_proxy,B14_asia_chin006.rwl,Breitenmoser 2014,https://doi.org/10.5194/cp-10-437-2014,Asia chin006.rwl,NA,http://cera-www.dkrz.de/WDCC/ui/Compact.jsp?acronym=EKF400_Input_Data
25.5,67.5,natural_proxy,tree_proxy,NTREND_Efmean,N-TREND,https://doi.org/10.1016/j.quascirev.2015.12.005,Efmean,Esper et al (2014) and Matskovsky and Helama (2014),https://ntrenddendro.wordpress.com/tr-data
-90.95,35.85,natural_proxy,tree_proxy,B14_northamerica_usa_ar048.rwl,Breitenmoser 2014,https://doi.org/10.5194/cp-10-437-2014,Northamerica USA ar048.rwl,NA,http://cera-www.dkrz.de/WDCC/ui/Compact.jsp?acronym=EKF400_Input_Data
-91.21666667,34.95,natural_proxy,tree_proxy,B14_northamerica_usa_ar049.rwl,Breitenmoser 2014,https://doi.org/10.5194/cp-10-437-2014,Northamerica USA ar049.rwl,NA,http://cera-www.dkrz.de/WDCC/ui/Compact.jsp?acronym=EKF400_Input_Data
-91.3,35.15,natural_proxy,tree_proxy,B14_northamerica_usa_ar050.rwl,Breitenmoser 2014,https://doi.org/10.5194/cp-10-437-2014,Northamerica USA ar050.rwl,NA,http://cera-www.dkrz.de/WDCC/ui/Compact.jsp?acronym=EKF400_Input_Data
-91.25,35.55,natural_proxy,tree_proxy,B14_northamerica_usa_ar052.rwl,Breitenmoser 2014,https://doi.org/10.5194/cp-10-437-2014,Northamerica USA ar052.rwl,NA,http://cera-www.dkrz.de/WDCC/ui/Compact.jsp?acronym=EKF400_Input_Data
-92.33333333,33.76666667,natural_proxy,tree_proxy,B14_northamerica_usa_ar053.rwl,Breitenmoser 2014,https://doi.org/10.5194/cp-10-437-2014,Northamerica USA ar053.rwl,NA,http://cera-www.dkrz.de/WDCC/ui/Compact.jsp?acronym=EKF400_Input_Data
-90.45,35.63333333,natural_proxy,tree_proxy,B14_northamerica_usa_ar054.rwl,Breitenmoser 2014,https://doi.org/10.5194/cp-10-437-2014,Northamerica USA ar054.rwl,NA,http://cera-www.dkrz.de/WDCC/ui/Compact.jsp?acronym=EKF400_Input_Data
69.54,67.32,natural_proxy,tree_proxy,NTREND_YAM,N-TREND,https://doi.org/10.1016/j.quascirev.2015.12.005,YAM,Briffa et al. (2013),https://ntrenddendro.wordpress.com/tr-data
-109.9166667,32.7,natural_proxy,tree_proxy,B14_northamerica_usa_az550.rwl,Breitenmoser 2014,https://doi.org/10.5194/cp-10-437-2014,Northamerica USA az550.rwl,NA,http://cera-www.dkrz.de/WDCC/ui/Compact.jsp?acronym=EKF400_Input_Data
-120.75,41.76666667,natural_proxy,tree_proxy,B14_northamerica_usa_ca073.rwl,Breitenmoser 2014,https://doi.org/10.5194/cp-10-437-2014,Northamerica USA ca073.rwl,NA,http://cera-www.dkrz.de/WDCC/ui/Compact.jsp?acronym=EKF400_Input_Data
-118.6,36.45,natural_proxy,tree_proxy,B14_northamerica_usa_ca529.rwl,Breitenmoser 2014,https://doi.org/10.5194/cp-10-437-2014,Northamerica USA ca529.rwl,NA,http://cera-www.dkrz.de/WDCC/ui/Compact.jsp?acronym=EKF400_Input_Data
7.7,46.3,natural_proxy,tree_proxy,NTREND_ALPS,N-TREND,https://doi.org/10.1016/j.quascirev.2015.12.005,ALPS,Buentgen et al. (2006).,https://ntrenddendro.wordpress.com/tr-data
-121.85,40.26666667,natural_proxy,tree_proxy,B14_northamerica_usa_ca619.rwl,Breitenmoser 2014,https://doi.org/10.5194/cp-10-437-2014,Northamerica USA ca619.rwl,NA,http://cera-www.dkrz.de/WDCC/ui/Compact.jsp?acronym=EKF400_Input_Data
-120.9,41.45,natural_proxy,tree_proxy,B14_northamerica_usa_ca629.rwl,Breitenmoser 2014,https://doi.org/10.5194/cp-10-437-2014,Northamerica USA ca629.rwl,NA,http://cera-www.dkrz.de/WDCC/ui/Compact.jsp?acronym=EKF400_Input_Data
-120,38.7,natural_proxy,tree_proxy,B14_northamerica_usa_ca630.rwl,Breitenmoser 2014,https://doi.org/10.5194/cp-10-437-2014,Northamerica USA ca630.rwl,NA,http://cera-www.dkrz.de/WDCC/ui/Compact.jsp?acronym=EKF400_Input_Data
-120.55,39.51666667,natural_proxy,tree_proxy,B14_northamerica_usa_ca631.rwl,Breitenmoser 2014,https://doi.org/10.5194/cp-10-437-2014,Northamerica USA ca631.rwl,NA,http://cera-www.dkrz.de/WDCC/ui/Compact.jsp?acronym=EKF400_Input_Data
-120.2,39.55,natural_proxy,tree_proxy,B14_northamerica_usa_ca632.rwl,Breitenmoser 2014,https://doi.org/10.5194/cp-10-437-2014,Northamerica USA ca632.rwl,NA,http://cera-www.dkrz.de/WDCC/ui/Compact.jsp?acronym=EKF400_Input_Data
28.19,62.19,natural_proxy,tree_proxy,NTREND_SFIN,N-TREND,https://doi.org/10.1016/j.quascirev.2015.12.005,SFIN,Helama et al. (2014),https://ntrenddendro.wordpress.com/tr-data
-105.5833333,40.03333333,natural_proxy,tree_proxy,B14_northamerica_usa_co511.rwl,Breitenmoser 2014,https://doi.org/10.5194/cp-10-437-2014,Northamerica USA co511.rwl,NA,http://cera-www.dkrz.de/WDCC/ui/Compact.jsp?acronym=EKF400_Input_Data
-104.9666667,38.76666667,natural_proxy,tree_proxy,B14_northamerica_usa_co535.rwl,Breitenmoser 2014,https://doi.org/10.5194/cp-10-437-2014,Northamerica USA co535.rwl,NA,http://cera-www.dkrz.de/WDCC/ui/Compact.jsp?acronym=EKF400_Input_Data
-105.4666667,37.71666667,natural_proxy,tree_proxy,B14_northamerica_usa_co556.rwl,Breitenmoser 2014,https://doi.org/10.5194/cp-10-437-2014,Northamerica USA co556.rwl,NA,http://cera-www.dkrz.de/WDCC/ui/Compact.jsp?acronym=EKF400_Input_Data
11.01666667,46.85,natural_proxy,tree_proxy,B14_europe_aust003.rwl,Breitenmoser 2014,https://doi.org/10.5194/cp-10-437-2014,Europe aust003.rwl,NA,http://cera-www.dkrz.de/WDCC/ui/Compact.jsp?acronym=EKF400_Input_Data
-117.19,52.16,natural_proxy,tree_proxy,NTREND_ICE,N-TREND,https://doi.org/10.1016/j.quascirev.2015.12.005,ICE,Luckman and Wilson (2005); Used in D'Arrigo et al. (2006),https://ntrenddendro.wordpress.com/tr-data
13.25,63.3,natural_proxy,tree_proxy,NTREND_JAEM,N-TREND,https://doi.org/10.1016/j.quascirev.2015.12.005,JAEM,Zhang et al. (2015),https://ntrenddendro.wordpress.com/tr-data
-106.9833333,39.71666667,natural_proxy,tree_proxy,B14_northamerica_usa_co583.rwl,Breitenmoser 2014,https://doi.org/10.5194/cp-10-437-2014,Northamerica USA co583.rwl,NA,http://cera-www.dkrz.de/WDCC/ui/Compact.jsp?acronym=EKF400_Input_Data
-105.8666667,39.86666667,natural_proxy,tree_proxy,B14_northamerica_usa_co586.rwl,Breitenmoser 2014,https://doi.org/10.5194/cp-10-437-2014,Northamerica USA co586.rwl,NA,http://cera-www.dkrz.de/WDCC/ui/Compact.jsp?acronym=EKF400_Input_Data
-106.8,38.73333333,natural_proxy,tree_proxy,B14_northamerica_usa_co589.rwl,Breitenmoser 2014,https://doi.org/10.5194/cp-10-437-2014,Northamerica USA co589.rwl,NA,http://cera-www.dkrz.de/WDCC/ui/Compact.jsp?acronym=EKF400_Input_Data
-105.6666667,40.98333333,natural_proxy,tree_proxy,B14_northamerica_usa_co591.rwl,Breitenmoser 2014,https://doi.org/10.5194/cp-10-437-2014,Northamerica USA co591.rwl,NA,http://cera-www.dkrz.de/WDCC/ui/Compact.jsp?acronym=EKF400_Input_Data
-107,38.08333333,natural_proxy,tree_proxy,B14_northamerica_usa_co593.rwl,Breitenmoser 2014,https://doi.org/10.5194/cp-10-437-2014,Northamerica USA co593.rwl,NA,http://cera-www.dkrz.de/WDCC/ui/Compact.jsp?acronym=EKF400_Input_Data
-108.2,39.83333333,natural_proxy,tree_proxy,B14_northamerica_usa_co595.rwl,Breitenmoser 2014,https://doi.org/10.5194/cp-10-437-2014,Northamerica USA co595.rwl,NA,http://cera-www.dkrz.de/WDCC/ui/Compact.jsp?acronym=EKF400_Input_Data
-108.5833333,37.58333333,natural_proxy,tree_proxy,B14_northamerica_usa_co610.rwl,Breitenmoser 2014,https://doi.org/10.5194/cp-10-437-2014,Northamerica USA co610.rwl,NA,http://cera-www.dkrz.de/WDCC/ui/Compact.jsp?acronym=EKF400_Input_Data
-108.0166667,38.38333333,natural_proxy,tree_proxy,B14_northamerica_usa_co612.rwl,Breitenmoser 2014,https://doi.org/10.5194/cp-10-437-2014,Northamerica USA co612.rwl,NA,http://cera-www.dkrz.de/WDCC/ui/Compact.jsp?acronym=EKF400_Input_Data
-108.9666667,40.78333333,natural_proxy,tree_proxy,B14_northamerica_usa_co616.rwl,Breitenmoser 2014,https://doi.org/10.5194/cp-10-437-2014,Northamerica USA co616.rwl,NA,http://cera-www.dkrz.de/WDCC/ui/Compact.jsp?acronym=EKF400_Input_Data
-106.2333333,38.8,natural_proxy,tree_proxy,B14_northamerica_usa_co617.rwl,Breitenmoser 2014,https://doi.org/10.5194/cp-10-437-2014,Northamerica USA co617.rwl,NA,http://cera-www.dkrz.de/WDCC/ui/Compact.jsp?acronym=EKF400_Input_Data
-107.8833333,39.66666667,natural_proxy,tree_proxy,B14_northamerica_usa_co621.rwl,Breitenmoser 2014,https://doi.org/10.5194/cp-10-437-2014,Northamerica USA co621.rwl,NA,http://cera-www.dkrz.de/WDCC/ui/Compact.jsp?acronym=EKF400_Input_Data
-108.9166667,38.01666667,natural_proxy,tree_proxy,B14_northamerica_usa_co626.rwl,Breitenmoser 2014,https://doi.org/10.5194/cp-10-437-2014,Northamerica USA co626.rwl,NA,http://cera-www.dkrz.de/WDCC/ui/Compact.jsp?acronym=EKF400_Input_Data
-108.5666667,38.83333333,natural_proxy,tree_proxy,B14_northamerica_usa_co629.rwl,Breitenmoser 2014,https://doi.org/10.5194/cp-10-437-2014,Northamerica USA co629.rwl,NA,http://cera-www.dkrz.de/WDCC/ui/Compact.jsp?acronym=EKF400_Input_Data
-81.8,31.61666667,natural_proxy,tree_proxy,B14_northamerica_usa_ga002.rwl,Breitenmoser 2014,https://doi.org/10.5194/cp-10-437-2014,Northamerica USA ga002.rwl,NA,http://cera-www.dkrz.de/WDCC/ui/Compact.jsp?acronym=EKF400_Input_Data
-83.3,32.05,natural_proxy,tree_proxy,B14_northamerica_usa_ga004.rwl,Breitenmoser 2014,https://doi.org/10.5194/cp-10-437-2014,Northamerica USA ga004.rwl,NA,http://cera-www.dkrz.de/WDCC/ui/Compact.jsp?acronym=EKF400_Input_Data
-116.8,42.51666667,natural_proxy,tree_proxy,B14_northamerica_usa_id006.rwl,Breitenmoser 2014,https://doi.org/10.5194/cp-10-437-2014,Northamerica USA id006.rwl,NA,http://cera-www.dkrz.de/WDCC/ui/Compact.jsp?acronym=EKF400_Input_Data
-114.25,44.41666667,natural_proxy,tree_proxy,B14_northamerica_usa_id014.rwl,Breitenmoser 2014,https://doi.org/10.5194/cp-10-437-2014,Northamerica USA id014.rwl,NA,http://cera-www.dkrz.de/WDCC/ui/Compact.jsp?acronym=EKF400_Input_Data
-92.96666667,32.25,natural_proxy,tree_proxy,B14_northamerica_usa_la001.rwl,Breitenmoser 2014,https://doi.org/10.5194/cp-10-437-2014,Northamerica USA la001.rwl,NA,http://cera-www.dkrz.de/WDCC/ui/Compact.jsp?acronym=EKF400_Input_Data
-115.5166667,51.2,natural_proxy,tree_proxy,B14_northamerica_canada_cana020.rwl,Breitenmoser 2014,https://doi.org/10.5194/cp-10-437-2014,Northamerica Canada cana020.rwl,NA,http://cera-www.dkrz.de/WDCC/ui/Compact.jsp?acronym=EKF400_Input_Data
33.64,67.44,natural_proxy,tree_proxy,NTREND_KOL,N-TREND,https://doi.org/10.1016/j.quascirev.2015.12.005,KOL,McCarroll et al. (2013),https://ntrenddendro.wordpress.com/tr-data
-90.48333333,36.56666667,natural_proxy,tree_proxy,B14_northamerica_usa_mo037.rwl,Breitenmoser 2014,https://doi.org/10.5194/cp-10-437-2014,Northamerica USA mo037.rwl,NA,http://cera-www.dkrz.de/WDCC/ui/Compact.jsp?acronym=EKF400_Input_Data
-91.05,37.1,natural_proxy,tree_proxy,B14_northamerica_usa_mo042.rwl,Breitenmoser 2014,https://doi.org/10.5194/cp-10-437-2014,Northamerica USA mo042.rwl,NA,http://cera-www.dkrz.de/WDCC/ui/Compact.jsp?acronym=EKF400_Input_Data
-91.53333333,37.1,natural_proxy,tree_proxy,B14_northamerica_usa_mo043.rwl,Breitenmoser 2014,https://doi.org/10.5194/cp-10-437-2014,Northamerica USA mo043.rwl,NA,http://cera-www.dkrz.de/WDCC/ui/Compact.jsp?acronym=EKF400_Input_Data
-93.58333333,40.08333333,natural_proxy,tree_proxy,B14_northamerica_usa_mo047.rwl,Breitenmoser 2014,https://doi.org/10.5194/cp-10-437-2014,Northamerica USA mo047.rwl,NA,http://cera-www.dkrz.de/WDCC/ui/Compact.jsp?acronym=EKF400_Input_Data
-111.3166667,45.3,natural_proxy,tree_proxy,B14_northamerica_usa_mt114.rwl,Breitenmoser 2014,https://doi.org/10.5194/cp-10-437-2014,Northamerica USA mt114.rwl,NA,http://cera-www.dkrz.de/WDCC/ui/Compact.jsp?acronym=EKF400_Input_Data
-113.15,46.28333333,natural_proxy,tree_proxy,B14_northamerica_usa_mt116.rwl,Breitenmoser 2014,https://doi.org/10.5194/cp-10-437-2014,Northamerica USA mt116.rwl,NA,http://cera-www.dkrz.de/WDCC/ui/Compact.jsp?acronym=EKF400_Input_Data
-65.91666667,48.58333333,natural_proxy,tree_proxy,B14_northamerica_canada_cana036.rwl,Breitenmoser 2014,https://doi.org/10.5194/cp-10-437-2014,Northamerica Canada cana036.rwl,NA,http://cera-www.dkrz.de/WDCC/ui/Compact.jsp?acronym=EKF400_Input_Data
-78.21666667,34.31666667,natural_proxy,tree_proxy,B14_northamerica_usa_nc008.rwl,Breitenmoser 2014,https://doi.org/10.5194/cp-10-437-2014,Northamerica USA nc008.rwl,NA,http://cera-www.dkrz.de/WDCC/ui/Compact.jsp?acronym=EKF400_Input_Data
-105.4333333,36.7,natural_proxy,tree_proxy,B14_northamerica_usa_nm559.rwl,Breitenmoser 2014,https://doi.org/10.5194/cp-10-437-2014,Northamerica USA nm559.rwl,NA,http://cera-www.dkrz.de/WDCC/ui/Compact.jsp?acronym=EKF400_Input_Data
-105.4666667,36.73333333,natural_proxy,tree_proxy,B14_northamerica_usa_nm560.rwl,Breitenmoser 2014,https://doi.org/10.5194/cp-10-437-2014,Northamerica USA nm560.rwl,NA,http://cera-www.dkrz.de/WDCC/ui/Compact.jsp?acronym=EKF400_Input_Data
-108.2333333,33.38333333,natural_proxy,tree_proxy,B14_northamerica_usa_nm565.rwl,Breitenmoser 2014,https://doi.org/10.5194/cp-10-437-2014,Northamerica USA nm565.rwl,NA,http://cera-www.dkrz.de/WDCC/ui/Compact.jsp?acronym=EKF400_Input_Data
-108.1,34.96666667,natural_proxy,tree_proxy,B14_northamerica_usa_nm572.rwl,Breitenmoser 2014,https://doi.org/10.5194/cp-10-437-2014,Northamerica USA nm572.rwl,NA,http://cera-www.dkrz.de/WDCC/ui/Compact.jsp?acronym=EKF400_Input_Data
-114.2166667,40.4,natural_proxy,tree_proxy,B14_northamerica_usa_nv053.rwl,Breitenmoser 2014,https://doi.org/10.5194/cp-10-437-2014,Northamerica USA nv053.rwl,NA,http://cera-www.dkrz.de/WDCC/ui/Compact.jsp?acronym=EKF400_Input_Data
-116.7833333,39.18333333,natural_proxy,tree_proxy,B14_northamerica_usa_nv058.rwl,Breitenmoser 2014,https://doi.org/10.5194/cp-10-437-2014,Northamerica USA nv058.rwl,NA,http://cera-www.dkrz.de/WDCC/ui/Compact.jsp?acronym=EKF400_Input_Data
-115.4166667,41.9,natural_proxy,tree_proxy,B14_northamerica_usa_nv061.rwl,Breitenmoser 2014,https://doi.org/10.5194/cp-10-437-2014,Northamerica USA nv061.rwl,NA,http://cera-www.dkrz.de/WDCC/ui/Compact.jsp?acronym=EKF400_Input_Data
-114.2166667,38.95,natural_proxy,tree_proxy,B14_northamerica_usa_nv500.rwl,Breitenmoser 2014,https://doi.org/10.5194/cp-10-437-2014,Northamerica USA nv500.rwl,NA,http://cera-www.dkrz.de/WDCC/ui/Compact.jsp?acronym=EKF400_Input_Data
-115.5333333,40.23333333,natural_proxy,tree_proxy,B14_northamerica_usa_nv512.rwl,Breitenmoser 2014,https://doi.org/10.5194/cp-10-437-2014,Northamerica USA nv512.rwl,NA,http://cera-www.dkrz.de/WDCC/ui/Compact.jsp?acronym=EKF400_Input_Data
65.4,66.51,natural_proxy,tree_proxy,NTREND_POLx,N-TREND,https://doi.org/10.1016/j.quascirev.2015.12.005,POLx,Schneider et al. (2015),https://ntrenddendro.wordpress.com/tr-data
-115.4333333,39.08333333,natural_proxy,tree_proxy,B14_northamerica_usa_nv515.rwl,Breitenmoser 2014,https://doi.org/10.5194/cp-10-437-2014,Northamerica USA nv515.rwl,NA,http://cera-www.dkrz.de/WDCC/ui/Compact.jsp?acronym=EKF400_Input_Data
-114.2333333,38.93333333,natural_proxy,tree_proxy,B14_northamerica_usa_nv516.rwl,Breitenmoser 2014,https://doi.org/10.5194/cp-10-437-2014,Northamerica USA nv516.rwl,NA,http://cera-www.dkrz.de/WDCC/ui/Compact.jsp?acronym=EKF400_Input_Data
-115.7,36.31666667,natural_proxy,tree_proxy,B14_northamerica_usa_nv517.rwl,Breitenmoser 2014,https://doi.org/10.5194/cp-10-437-2014,Northamerica USA nv517.rwl,NA,http://cera-www.dkrz.de/WDCC/ui/Compact.jsp?acronym=EKF400_Input_Data
-118.4333333,41.3,natural_proxy,tree_proxy,B14_northamerica_usa_nv518.rwl,Breitenmoser 2014,https://doi.org/10.5194/cp-10-437-2014,Northamerica USA nv518.rwl,NA,http://cera-www.dkrz.de/WDCC/ui/Compact.jsp?acronym=EKF400_Input_Data
-118.8,43.98333333,natural_proxy,tree_proxy,B14_northamerica_usa_or009.rwl,Breitenmoser 2014,https://doi.org/10.5194/cp-10-437-2014,Northamerica USA or009.rwl,NA,http://cera-www.dkrz.de/WDCC/ui/Compact.jsp?acronym=EKF400_Input_Data
-120.45,43.58333333,natural_proxy,tree_proxy,B14_northamerica_usa_or060.rwl,Breitenmoser 2014,https://doi.org/10.5194/cp-10-437-2014,Northamerica USA or060.rwl,NA,http://cera-www.dkrz.de/WDCC/ui/Compact.jsp?acronym=EKF400_Input_Data
-118.9166667,42.66666667,natural_proxy,tree_proxy,B14_northamerica_usa_or063.rwl,Breitenmoser 2014,https://doi.org/10.5194/cp-10-437-2014,Northamerica USA or063.rwl,NA,http://cera-www.dkrz.de/WDCC/ui/Compact.jsp?acronym=EKF400_Input_Data
-123.5666667,42,natural_proxy,tree_proxy,B14_northamerica_usa_or081.rwl,Breitenmoser 2014,https://doi.org/10.5194/cp-10-437-2014,Northamerica USA or081.rwl,NA,http://cera-www.dkrz.de/WDCC/ui/Compact.jsp?acronym=EKF400_Input_Data
-121.8333333,44.18333333,natural_proxy,tree_proxy,B14_northamerica_usa_or088.rwl,Breitenmoser 2014,https://doi.org/10.5194/cp-10-437-2014,Northamerica USA or088.rwl,NA,http://cera-www.dkrz.de/WDCC/ui/Compact.jsp?acronym=EKF400_Input_Data
-80.41666667,33.18333333,natural_proxy,tree_proxy,B14_northamerica_usa_sc004.rwl,Breitenmoser 2014,https://doi.org/10.5194/cp-10-437-2014,Northamerica USA sc004.rwl,NA,http://cera-www.dkrz.de/WDCC/ui/Compact.jsp?acronym=EKF400_Input_Data
-79.86666667,33.8,natural_proxy,tree_proxy,B14_northamerica_usa_sc006.rwl,Breitenmoser 2014,https://doi.org/10.5194/cp-10-437-2014,Northamerica USA sc006.rwl,NA,http://cera-www.dkrz.de/WDCC/ui/Compact.jsp?acronym=EKF400_Input_Data
74.15,51.15,natural_proxy,tree_proxy,NTREND_AG11,N-TREND,https://doi.org/10.1016/j.quascirev.2015.12.005,AG11,Cook et al. (2012),https://ntrenddendro.wordpress.com/tr-data
-111.0666667,39.41666667,natural_proxy,tree_proxy,B14_northamerica_usa_ut508.rwl,Breitenmoser 2014,https://doi.org/10.5194/cp-10-437-2014,Northamerica USA ut508.rwl,NA,http://cera-www.dkrz.de/WDCC/ui/Compact.jsp?acronym=EKF400_Input_Data
-111.9333333,37.71666667,natural_proxy,tree_proxy,B14_northamerica_usa_ut514.rwl,Breitenmoser 2014,https://doi.org/10.5194/cp-10-437-2014,Northamerica USA ut514.rwl,NA,http://cera-www.dkrz.de/WDCC/ui/Compact.jsp?acronym=EKF400_Input_Data
-76.88333333,36.78333333,natural_proxy,tree_proxy,B14_northamerica_usa_va021.rwl,Breitenmoser 2014,https://doi.org/10.5194/cp-10-437-2014,Northamerica USA va021.rwl,NA,http://cera-www.dkrz.de/WDCC/ui/Compact.jsp?acronym=EKF400_Input_Data
-77.13333333,36.78333333,natural_proxy,tree_proxy,B14_northamerica_usa_va025.rwl,Breitenmoser 2014,https://doi.org/10.5194/cp-10-437-2014,Northamerica USA va025.rwl,NA,http://cera-www.dkrz.de/WDCC/ui/Compact.jsp?acronym=EKF400_Input_Data
15.43,68.47,natural_proxy,tree_proxy,NTREND_FORF,N-TREND,https://doi.org/10.1016/j.quascirev.2015.12.005,FORF,McCarroll et al. (2013),https://ntrenddendro.wordpress.com/tr-data
-121.4666667,47.41666667,natural_proxy,tree_proxy,B14_northamerica_usa_wa056.rwl,Breitenmoser 2014,https://doi.org/10.5194/cp-10-437-2014,Northamerica USA wa056.rwl,NA,http://cera-www.dkrz.de/WDCC/ui/Compact.jsp?acronym=EKF400_Input_Data
-110.5166667,43.7,natural_proxy,tree_proxy,B14_northamerica_usa_wy006.rwl,Breitenmoser 2014,https://doi.org/10.5194/cp-10-437-2014,Northamerica USA wy006.rwl,NA,http://cera-www.dkrz.de/WDCC/ui/Compact.jsp?acronym=EKF400_Input_Data
-106.05,41.13333333,natural_proxy,tree_proxy,B14_northamerica_usa_wy019.rwl,Breitenmoser 2014,https://doi.org/10.5194/cp-10-437-2014,Northamerica USA wy019.rwl,NA,http://cera-www.dkrz.de/WDCC/ui/Compact.jsp?acronym=EKF400_Input_Data
87.5,72.5,natural_proxy,tree_proxy,schweingruber_mxdabd_grid1,Briffa/Schweingruber,https://doi.org/10.1029/2000JD900617,MXDABD grid1,https://crudata.uea.ac.uk/~timo/datapages/mxdtrw.htm#refs,NA
17.5,67.5,natural_proxy,tree_proxy,schweingruber_mxdabd_grid10,Briffa/Schweingruber,https://doi.org/10.1029/2000JD900617,MXDABD grid10,https://crudata.uea.ac.uk/~timo/datapages/mxdtrw.htm#refs,NA
7.5,42.5,natural_proxy,tree_proxy,schweingruber_mxdabd_grid104,Briffa/Schweingruber,https://doi.org/10.1029/2000JD900617,MXDABD grid104,https://crudata.uea.ac.uk/~timo/datapages/mxdtrw.htm#refs,NA
12.5,42.5,natural_proxy,tree_proxy,schweingruber_mxdabd_grid105,Briffa/Schweingruber,https://doi.org/10.1029/2000JD900617,MXDABD grid105,https://crudata.uea.ac.uk/~timo/datapages/mxdtrw.htm#refs,NA
-117.5,37.5,natural_proxy,tree_proxy,schweingruber_mxdabd_grid108,Briffa/Schweingruber,https://doi.org/10.1029/2000JD900617,MXDABD grid108,https://crudata.uea.ac.uk/~timo/datapages/mxdtrw.htm#refs,NA
-112.5,37.5,natural_proxy,tree_proxy,schweingruber_mxdabd_grid109,Briffa/Schweingruber,https://doi.org/10.1029/2000JD900617,MXDABD grid109,https://crudata.uea.ac.uk/~timo/datapages/mxdtrw.htm#refs,NA
22.5,67.5,natural_proxy,tree_proxy,schweingruber_mxdabd_grid11,Briffa/Schweingruber,https://doi.org/10.1029/2000JD900617,MXDABD grid11,https://crudata.uea.ac.uk/~timo/datapages/mxdtrw.htm#refs,NA
-107.5,37.5,natural_proxy,tree_proxy,schweingruber_mxdabd_grid110,Briffa/Schweingruber,https://doi.org/10.1029/2000JD900617,MXDABD grid110,https://crudata.uea.ac.uk/~timo/datapages/mxdtrw.htm#refs,NA
17.5,37.5,natural_proxy,tree_proxy,schweingruber_mxdabd_grid111,Briffa/Schweingruber,https://doi.org/10.1029/2000JD900617,MXDABD grid111,https://crudata.uea.ac.uk/~timo/datapages/mxdtrw.htm#refs,NA
97.5,32.5,natural_proxy,tree_proxy,schweingruber_mxdabd_grid113,Briffa/Schweingruber,https://doi.org/10.1029/2000JD900617,MXDABD grid113,https://crudata.uea.ac.uk/~timo/datapages/mxdtrw.htm#refs,NA
97.5,27.5,natural_proxy,tree_proxy,schweingruber_mxdabd_grid115,Briffa/Schweingruber,https://doi.org/10.1029/2000JD900617,MXDABD grid115,https://crudata.uea.ac.uk/~timo/datapages/mxdtrw.htm#refs,NA
27.5,67.5,natural_proxy,tree_proxy,schweingruber_mxdabd_grid12,Briffa/Schweingruber,https://doi.org/10.1029/2000JD900617,MXDABD grid12,https://crudata.uea.ac.uk/~timo/datapages/mxdtrw.htm#refs,NA
57.5,67.5,natural_proxy,tree_proxy,schweingruber_mxdabd_grid16,Briffa/Schweingruber,https://doi.org/10.1029/2000JD900617,MXDABD grid16,https://crudata.uea.ac.uk/~timo/datapages/mxdtrw.htm#refs,NA
67.5,67.5,natural_proxy,tree_proxy,schweingruber_mxdabd_grid18,Briffa/Schweingruber,https://doi.org/10.1029/2000JD900617,MXDABD grid18,https://crudata.uea.ac.uk/~timo/datapages/mxdtrw.htm#refs,NA
72.5,67.5,natural_proxy,tree_proxy,schweingruber_mxdabd_grid19,Briffa/Schweingruber,https://doi.org/10.1029/2000JD900617,MXDABD grid19,https://crudata.uea.ac.uk/~timo/datapages/mxdtrw.htm#refs,NA
92.5,72.5,natural_proxy,tree_proxy,schweingruber_mxdabd_grid2,Briffa/Schweingruber,https://doi.org/10.1029/2000JD900617,MXDABD grid2,https://crudata.uea.ac.uk/~timo/datapages/mxdtrw.htm#refs,NA
77.5,67.5,natural_proxy,tree_proxy,schweingruber_mxdabd_grid20,Briffa/Schweingruber,https://doi.org/10.1029/2000JD900617,MXDABD grid20,https://crudata.uea.ac.uk/~timo/datapages/mxdtrw.htm#refs,NA
82.5,67.5,natural_proxy,tree_proxy,schweingruber_mxdabd_grid21,Briffa/Schweingruber,https://doi.org/10.1029/2000JD900617,MXDABD grid21,https://crudata.uea.ac.uk/~timo/datapages/mxdtrw.htm#refs,NA
87.5,67.5,natural_proxy,tree_proxy,schweingruber_mxdabd_grid22,Briffa/Schweingruber,https://doi.org/10.1029/2000JD900617,MXDABD grid22,https://crudata.uea.ac.uk/~timo/datapages/mxdtrw.htm#refs,NA
97.5,67.5,natural_proxy,tree_proxy,schweingruber_mxdabd_grid24,Briffa/Schweingruber,https://doi.org/10.1029/2000JD900617,MXDABD grid24,https://crudata.uea.ac.uk/~timo/datapages/mxdtrw.htm#refs,NA
112.5,67.5,natural_proxy,tree_proxy,schweingruber_mxdabd_grid25,Briffa/Schweingruber,https://doi.org/10.1029/2000JD900617,MXDABD grid25,https://crudata.uea.ac.uk/~timo/datapages/mxdtrw.htm#refs,NA
117.5,67.5,natural_proxy,tree_proxy,schweingruber_mxdabd_grid26,Briffa/Schweingruber,https://doi.org/10.1029/2000JD900617,MXDABD grid26,https://crudata.uea.ac.uk/~timo/datapages/mxdtrw.htm#refs,NA
102.5,72.5,natural_proxy,tree_proxy,schweingruber_mxdabd_grid3,Briffa/Schweingruber,https://doi.org/10.1029/2000JD900617,MXDABD grid3,https://crudata.uea.ac.uk/~timo/datapages/mxdtrw.htm#refs,NA
137.5,67.5,natural_proxy,tree_proxy,schweingruber_mxdabd_grid30,Briffa/Schweingruber,https://doi.org/10.1029/2000JD900617,MXDABD grid30,https://crudata.uea.ac.uk/~timo/datapages/mxdtrw.htm#refs,NA
147.5,67.5,natural_proxy,tree_proxy,schweingruber_mxdabd_grid31,Briffa/Schweingruber,https://doi.org/10.1029/2000JD900617,MXDABD grid31,https://crudata.uea.ac.uk/~timo/datapages/mxdtrw.htm#refs,NA
112.5,72.5,natural_proxy,tree_proxy,schweingruber_mxdabd_grid4,Briffa/Schweingruber,https://doi.org/10.1029/2000JD900617,MXDABD grid4,https://crudata.uea.ac.uk/~timo/datapages/mxdtrw.htm#refs,NA
12.5,62.5,natural_proxy,tree_proxy,schweingruber_mxdabd_grid42,Briffa/Schweingruber,https://doi.org/10.1029/2000JD900617,MXDABD grid42,https://crudata.uea.ac.uk/~timo/datapages/mxdtrw.htm#refs,NA
22.5,62.5,natural_proxy,tree_proxy,schweingruber_mxdabd_grid44,Briffa/Schweingruber,https://doi.org/10.1029/2000JD900617,MXDABD grid44,https://crudata.uea.ac.uk/~timo/datapages/mxdtrw.htm#refs,NA
27.5,62.5,natural_proxy,tree_proxy,schweingruber_mxdabd_grid45,Briffa/Schweingruber,https://doi.org/10.1029/2000JD900617,MXDABD grid45,https://crudata.uea.ac.uk/~timo/datapages/mxdtrw.htm#refs,NA
117.5,72.5,natural_proxy,tree_proxy,schweingruber_mxdabd_grid5,Briffa/Schweingruber,https://doi.org/10.1029/2000JD900617,MXDABD grid5,https://crudata.uea.ac.uk/~timo/datapages/mxdtrw.htm#refs,NA
147.5,62.5,natural_proxy,tree_proxy,schweingruber_mxdabd_grid53,Briffa/Schweingruber,https://doi.org/10.1029/2000JD900617,MXDABD grid53,https://crudata.uea.ac.uk/~timo/datapages/mxdtrw.htm#refs,NA
152.5,62.5,natural_proxy,tree_proxy,schweingruber_mxdabd_grid54,Briffa/Schweingruber,https://doi.org/10.1029/2000JD900617,MXDABD grid54,https://crudata.uea.ac.uk/~timo/datapages/mxdtrw.htm#refs,NA
157.5,62.5,natural_proxy,tree_proxy,schweingruber_mxdabd_grid55,Briffa/Schweingruber,https://doi.org/10.1029/2000JD900617,MXDABD grid55,https://crudata.uea.ac.uk/~timo/datapages/mxdtrw.htm#refs,NA
127.5,72.5,natural_proxy,tree_proxy,schweingruber_mxdabd_grid6,Briffa/Schweingruber,https://doi.org/10.1029/2000JD900617,MXDABD grid6,https://crudata.uea.ac.uk/~timo/datapages/mxdtrw.htm#refs,NA
132.5,72.5,natural_proxy,tree_proxy,schweingruber_mxdabd_grid7,Briffa/Schweingruber,https://doi.org/10.1029/2000JD900617,MXDABD grid7,https://crudata.uea.ac.uk/~timo/datapages/mxdtrw.htm#refs,NA
-117.5,52.5,natural_proxy,tree_proxy,schweingruber_mxdabd_grid70,Briffa/Schweingruber,https://doi.org/10.1029/2000JD900617,MXDABD grid70,https://crudata.uea.ac.uk/~timo/datapages/mxdtrw.htm#refs,NA
12.3,47.3,natural_proxy,tree_proxy,NTREND_TYR,N-TREND,https://doi.org/10.1016/j.quascirev.2015.12.005,TYR,Schneider et al. (2015),https://ntrenddendro.wordpress.com/tr-data
-79.28333333,48.46666667,natural_proxy,tree_proxy,B14_northamerica_canada_cana106.rwl,Breitenmoser 2014,https://doi.org/10.5194/cp-10-437-2014,Northamerica Canada cana106.rwl,NA,http://cera-www.dkrz.de/WDCC/ui/Compact.jsp?acronym=EKF400_Input_Data
-141.38,68.39,natural_proxy,tree_proxy,NTREND_FIRT,N-TREND,https://doi.org/10.1016/j.quascirev.2015.12.005,FIRT,Anchukaitis et al. (2013),https://ntrenddendro.wordpress.com/tr-data
-3.44,57.08,natural_proxy,tree_proxy,NTREND_SCOT,N-TREND,https://doi.org/10.1016/j.quascirev.2015.12.005,SCOT,Rydval et al. (submitted),https://ntrenddendro.wordpress.com/tr-data
17.09,65.95,natural_proxy,tree_proxy,NTREND_TAA,N-TREND,https://doi.org/10.1016/j.quascirev.2015.12.005,TAA,Linderholm et al. (2014),https://ntrenddendro.wordpress.com/tr-data
-114.2166667,49.58333333,natural_proxy,tree_proxy,B14_northamerica_canada_cana136.rwl,Breitenmoser 2014,https://doi.org/10.5194/cp-10-437-2014,Northamerica Canada cana136.rwl,NA,http://cera-www.dkrz.de/WDCC/ui/Compact.jsp?acronym=EKF400_Input_Data
0.5,42.5,natural_proxy,tree_proxy,NTREND_PYR,N-TREND,https://doi.org/10.1016/j.quascirev.2015.12.005,PYR,Dorado-Linan et al. (2012),https://ntrenddendro.wordpress.com/tr-data
22.37,40.09,natural_proxy,tree_proxy,NTREND_MOG,N-TREND,https://doi.org/10.1016/j.quascirev.2015.12.005,MOG,Klesse et al. (2014),https://ntrenddendro.wordpress.com/tr-data
-126.35,50.21666667,natural_proxy,tree_proxy,B14_northamerica_canada_cana175.rwl,Breitenmoser 2014,https://doi.org/10.5194/cp-10-437-2014,Northamerica Canada cana175.rwl,NA,http://cera-www.dkrz.de/WDCC/ui/Compact.jsp?acronym=EKF400_Input_Data
102,72.01,natural_proxy,tree_proxy,NTREND_TAY,N-TREND,https://doi.org/10.1016/j.quascirev.2015.12.005,TAY,Jacoby et al. (2000); Used in D'Arrigo et al. (2006),https://ntrenddendro.wordpress.com/tr-data
88,50,natural_proxy,tree_proxy,NTREND_ALT,N-TREND,https://doi.org/10.1016/j.quascirev.2015.12.005,ALT,Schneider et al (2015),https://ntrenddendro.wordpress.com/tr-data
-97.16666667,49.33333333,natural_proxy,tree_proxy,B14_northamerica_canada_cana194.rwl,Breitenmoser 2014,https://doi.org/10.5194/cp-10-437-2014,Northamerica Canada cana194.rwl,NA,http://cera-www.dkrz.de/WDCC/ui/Compact.jsp?acronym=EKF400_Input_Data
-37.6299,73.9402,natural_proxy,ice_proxy,ISO2k_IC00SC16_bsummer,ISO2k,https://doi.org/10.5194/essd-12-2261-2020,IC00SC16,"WeiSSbach, S., Wegner, A., Opel, T., Oerter, H., Vinther, B. M. and Kipfstuhl, S.: Spatial and temporal oxygen isotope variability in northern Greenland –  implications for a new climate record over the past millennium, Climate of the Past, 12(2), 171–188, doi:10.5194/cp-12-171-2016, 2016.",https://doi.org/10.25921/57j8-vs18
-49.2167,77.2533,natural_proxy,ice_proxy,ISO2k_IC00SC26_bsummer,ISO2k,https://doi.org/10.5194/essd-12-2261-2020,IC00SC26,"WeiSSbach, S., Wegner, A., Opel, T., Oerter, H., Vinther, B. M. and Kipfstuhl, S.: Spatial and temporal oxygen isotope variability in northern Greenland –  implications for a new climate record over the past millennium, Climate of the Past, 12(2), 171–188, doi:10.5194/cp-12-171-2016, 2016.",https://doi.org/10.25921/57j8-vs18
-61.13,77.17,natural_proxy,ice_proxy,ISO2k_IC09VICC_bsummer,ISO2k,https://doi.org/10.5194/essd-12-2261-2020,IC09VICC,"Vinther, B. M., Buchardt, S. L., Clausen, H. B., Dahl-Jensen, D., Johnsen, S. J., Fisher, D. A., Koerner, R. M., Raynaud, D., Lipenkov, V., Andersen, K. K., Blunier, T., Rasmussen, S. O., Steffensen, J. P. and Svensson, A. M.: Holocene thinning of the Greenland ice sheet, Nature, 461(7262), 385–388, doi:10.1038/nature08355, 2009.",https://doi.org/10.25921/57j8-vs18
84.15,51.15,natural_proxy,tree_proxy,NTREND_AG12,N-TREND,https://doi.org/10.1016/j.quascirev.2015.12.005,AG12,Cook et al. (2012),https://ntrenddendro.wordpress.com/tr-data
-70.8333,-13.9333,natural_proxy,ice_proxy,ISO2k_IC13THQU_bsummer,ISO2k,https://doi.org/10.5194/essd-12-2261-2020,IC13THQU,"Thompson, L. G., Mosley-Thompson, E., Davis, M. E., Zagorodnov, V. S., Howat, I. M., Mikhalenko, V. N. and Lin, P.-N.: Annually Resolved Ice Core Records of Tropical Climate Variability over the Past  1800 Years, Science, 340(6135), 945–950, doi:10.1126/science.1234210, 2013.",https://doi.org/10.25921/57j8-vs18
-44,78,natural_proxy,ice_proxy,ISO2k_IC16WE23_bsummer,ISO2k,https://doi.org/10.5194/essd-12-2261-2020,IC16WE23,"WeiSSbach, S., Wegner, A., Opel, T., Oerter, H., Vinther, B. M. and Kipfstuhl, S.: Spatial and temporal oxygen isotope variability in northern Greenland –  implications for a new climate record over the past millennium, Climate of the Past, 12(2), 171–188, doi:10.5194/cp-12-171-2016, 2016.",https://doi.org/10.25921/57j8-vs18
94.15,43.15,natural_proxy,tree_proxy,NTREND_AG4,N-TREND,https://doi.org/10.1016/j.quascirev.2015.12.005,AG4,Cook et al. (2012),https://ntrenddendro.wordpress.com/tr-data
-46,76,natural_proxy,ice_proxy,ISO2k_IC16WENG_bsummer,ISO2k,https://doi.org/10.5194/essd-12-2261-2020,IC16WENG,"WeiSSbach, S., Wegner, A., Opel, T., Oerter, H., Vinther, B. M. and Kipfstuhl, S.: Spatial and temporal oxygen isotope variability in northern Greenland –  implications for a new climate record over the past millennium, Climate of the Past, 12(2), 171–188, doi:10.5194/cp-12-171-2016, 2016.",https://doi.org/10.25921/57j8-vs18
-38.46,72.59,natural_proxy,ice_proxy,ISO2k_IC93BAGI_bsummer,ISO2k,https://doi.org/10.5194/essd-12-2261-2020,IC93BAGI,"Barlow, L. K., White, J. W. C., Barry, R. G., Rogers, J. C. and Grootes, P. M.: The North Atlantic Oscillation signature in deuterium and deuterium excess signals in the Greenland Ice Sheet Project 2 Ice Core, 1840-1970, Geophysical Research Letters, 20(24), 2901–2904, doi:10.1029/93gl03305, 1993.",https://doi.org/10.25921/57j8-vs18
-38.5,72.6,natural_proxy,ice_proxy,ISO2k_IC97GRGI_bsummer,ISO2k,https://doi.org/10.5194/essd-12-2261-2020,IC10VIGI,"Vinther, B. M., Jones, P. D., Briffa, K. R., Clausen, H. B., Andersen, K. K., Dahl-Jensen, D. and Johnsen, S. J.: Climatic signals in multiple highly resolved stable isotope records from Greenland, Quaternary Science Reviews, 29(3-4), 522–538, doi:10.1016/j.quascirev.2009.11.002, 2010.",https://doi.org/10.25921/57j8-vs18
-115,42.5,natural_proxy,tree_proxy,NTREND_IDA,N-TREND,https://doi.org/10.1016/j.quascirev.2015.12.005,IDA,Biondi et al. [1999];  used in Wilson et al. (2007),https://ntrenddendro.wordpress.com/tr-data
99.04,51.15,natural_proxy,tree_proxy,NTREND_OZN,N-TREND,https://doi.org/10.1016/j.quascirev.2015.12.005,OZN,Davi et al. (2015),https://ntrenddendro.wordpress.com/tr-data
94.15,51.15,natural_proxy,tree_proxy,NTREND_AG13,N-TREND,https://doi.org/10.1016/j.quascirev.2015.12.005,AG13,Cook et al. (2012),https://ntrenddendro.wordpress.com/tr-data
-105,38.8,natural_proxy,tree_proxy,ISO2k_TR12BECO_bsummer,ISO2k,https://doi.org/10.5194/essd-12-2261-2020,TR12BECO,"Berkelhammer, M. and Stott, L. D.: Secular temperature trends for the southern Rocky Mountains over the last five centuries, Geophysical Research Letters, 39(17), n/a–n/a, doi:10.1029/2012gl052447, 2012.",https://doi.org/10.25921/57j8-vs18
0.3,45.7333,natural_proxy,tree_proxy,ISO2k_TR16LAAN_bsummer,ISO2k,https://doi.org/10.5194/essd-12-2261-2020,TR16LAAN,"Labuhn, I., Daux, V., Girardclos, O., Stievenard, M., Pierre, M. and Masson-Delmotte, V.: French summer droughts since 1326 CE: a reconstruction based on tree ring cellulose δ18O, Climate of the Past, 12(5), 1101–1117, doi:10.5194/cp-12-1101-2016, 2016.",https://doi.org/10.25921/57j8-vs18
2.6667,48.3833,natural_proxy,tree_proxy,ISO2k_TR16LAFO_bsummer,ISO2k,https://doi.org/10.5194/essd-12-2261-2020,TR16LAFO,"Labuhn, I., Daux, V., Girardclos, O., Stievenard, M., Pierre, M. and Masson-Delmotte, V.: French summer droughts since 1326 CE: a reconstruction based on tree ring cellulose δ18O, Climate of the Past, 12(5), 1101–1117, doi:10.5194/cp-12-1101-2016, 2016.",https://doi.org/10.25921/57j8-vs18
97.033,31.15,natural_proxy,tree_proxy,ISO2k_TR17GRTP_bsummer,ISO2k,https://doi.org/10.5194/essd-12-2261-2020,TR17GRTP,"GrieSSinger, J., Braeuning, A., Helle, G., Hochreuther, P. and Schleser, G.: Late Holocene relative humidity history on the southeastern Tibetan plateau inferred from a tree-ring δ 18 O record: Recent decrease and conditions during the last 1500 years, Quaternary International, 430, 52–59, doi:10.1016/j.quaint.2016.02.011, 2017.",https://doi.org/10.25921/57j8-vs18
82.18,66.42,natural_proxy,tree_proxy,NTREND_MAN,N-TREND,https://doi.org/10.1016/j.quascirev.2015.12.005,MAN,Schneider et al. (2015),https://ntrenddendro.wordpress.com/tr-data
-72.86666667,-46.98333333,natural_proxy,lake_sediment_proxy,GIUB_Plomo_Lake_bsummer,Neukom 2014,https://doi.org/10.1038/nclimate2174,Site name: Lago Plomo,Elbert et al. (2011),NA
146.27,68.77,natural_proxy,tree_proxy,NTREND_YAK,N-TREND,https://doi.org/10.1016/j.quascirev.2015.12.005,YAK,Hughes et al. (1999); Used in D'Arrigo et al. (2006),https://ntrenddendro.wordpress.com/tr-data
104.15,51.15,natural_proxy,tree_proxy,NTREND_AG14,N-TREND,https://doi.org/10.1016/j.quascirev.2015.12.005,AG14,Cook et al. (2012),https://ntrenddendro.wordpress.com/tr-data
-61.13,77.17,natural_proxy,ice_proxy,P2k_Arc-Dansgaard1969_bsummer,PAGES2k,https://doi.org/10.1038/sdata.2017.88,Arc-Dansgaard1969,"Fisher, D.A. et al. 1977",https://doi.org/10.6084/m9.figshare.c.3285353.v2
-38.08,72.1,natural_proxy,ice_proxy,P2k_Arc-GISP2.Grootes.1997_bsummer,PAGES2k,https://doi.org/10.1038/sdata.2017.88,Arc-GISP2.Grootes.1997,"Grootes, P.M. et al. 1997",https://doi.org/10.6084/m9.figshare.c.3285353.v2
147,69.5,natural_proxy,tree_proxy,P2k_Arc-Indigurka.Hughes.1999_bsummer,PAGES2k,https://doi.org/10.1038/sdata.2017.88,Arc-Indigurka.Hughes.1999,"Hughes, M.K. et al. 2013",https://doi.org/10.6084/m9.figshare.c.3285353.v2
24.02,79.83,natural_proxy,ice_proxy,P2k_Arc-Austfonna.Isaksson.2005_bsummer,PAGES2k,https://doi.org/10.1038/sdata.2017.88,Arc-Austfonna.Isaksson.2005,"Isaksson, E. et al. 2011",https://doi.org/10.6084/m9.figshare.c.3285353.v2
-61.35,66.73,natural_proxy,lake_sediment_proxy,P2k_Arc-LakeDonardBa.Moore.2001_bsummer,PAGES2k,https://doi.org/10.1038/sdata.2017.88,Arc-LakeDonardBa.Moore.2001,"Moore, J.J. et al. 2003",https://doi.org/10.6084/m9.figshare.c.3285353.v2
-37.63,73.94,natural_proxy,ice_proxy,P2k_Arc-NGTB16.Fischer.1998_bsummer,PAGES2k,https://doi.org/10.1038/sdata.2017.88,Arc-NGTB16.Fischer.1998,"Schwager, M. et al. 2004",https://doi.org/10.6084/m9.figshare.c.3285353.v2
18.2,66.3,natural_proxy,tree_proxy,P2k_Arc-Arjeplog.Bjorklund.2014_bsummer,PAGES2k,https://doi.org/10.1038/sdata.2017.88,Arc-Arjeplog.Bjorklund.2014,"Bjorklund, J.A. et al. 0",https://doi.org/10.6084/m9.figshare.c.3285353.v2
-69.883,62.917,natural_proxy,lake_sediment_proxy,P2k_Arc-SoperLakeBaf.Hughen.2000_bsummer,PAGES2k,https://doi.org/10.1038/sdata.2017.88,Arc-SoperLakeBaf.Hughen.2000,"Hughen, K.A. et al. 2003",https://doi.org/10.6084/m9.figshare.c.3285353.v2
-133.87,68.625,natural_proxy,tree_proxy,P2k_Arc-MackenzieDelta.Porter.2013_bsummer,PAGES2k,https://doi.org/10.1038/sdata.2017.88,Arc-MackenzieDelta.Porter.2013,"Porter, T.J. et al. 2016",https://doi.org/10.6084/m9.figshare.c.3285353.v2
-162.3,65.2,natural_proxy,tree_proxy,P2k_NAm-ak115_bsummer,PAGES2k,https://doi.org/10.1038/sdata.2017.88,NAm-ak060,"D'Arrigo, R. et al. 2000",https://doi.org/10.6084/m9.figshare.c.3285353.v2
-110.2,35.4,natural_proxy,tree_proxy,P2k_NAm-az553_bsummer,PAGES2k,https://doi.org/10.1038/sdata.2017.88,NAm-az553,"Briffa, K.R. et al. 1996",https://doi.org/10.6084/m9.figshare.c.3285353.v2
-118.4,36.3,natural_proxy,tree_proxy,P2k_NAm-ca529_bsummer,PAGES2k,https://doi.org/10.1038/sdata.2017.88,NAm-ca529,"Graybill, D.A. et al. 1995",https://doi.org/10.6084/m9.figshare.c.3285353.v2
-119.3,37.8,natural_proxy,tree_proxy,P2k_NAm-ca560_bsummer,PAGES2k,https://doi.org/10.1038/sdata.2017.88,NAm-ca560,"Briffa, K.R. et al. 1996",https://doi.org/10.6084/m9.figshare.c.3285353.v2
-123.1,49.4,natural_proxy,tree_proxy,P2k_NAm-cana111_bsummer,PAGES2k,https://doi.org/10.1038/sdata.2017.88,NAm-cana111,"Briffa, K.R. et al. 1996",https://doi.org/10.6084/m9.figshare.c.3285353.v2
-103.9,64,natural_proxy,tree_proxy,P2k_NAm-cana155_bsummer,PAGES2k,https://doi.org/10.1038/sdata.2017.88,NAm-cana155,"Jacoby, G.C. et al. 2000",https://doi.org/10.6084/m9.figshare.c.3285353.v2
-77.8,55.3,natural_proxy,tree_proxy,P2k_NAm-cana169_bsummer,PAGES2k,https://doi.org/10.1038/sdata.2017.88,NAm-cana169,"Schweingruber, F.H. et al. 2000",https://doi.org/10.6084/m9.figshare.c.3285353.v2
-117.3,51.4,natural_proxy,tree_proxy,P2k_NAm-cana170_bsummer,PAGES2k,https://doi.org/10.1038/sdata.2017.88,NAm-cana170,"Schweingruber, F.H. et al. 2000",https://doi.org/10.6084/m9.figshare.c.3285353.v2
-118.6,50.6,natural_proxy,tree_proxy,P2k_NAm-cana231_bsummer,PAGES2k,https://doi.org/10.1038/sdata.2017.88,NAm-cana231,"Wilson, R.J.S. et al. 2007",https://doi.org/10.6084/m9.figshare.c.3285353.v2
-103.52,64.02,natural_proxy,tree_proxy,NTREND_THE,N-TREND,https://doi.org/10.1016/j.quascirev.2015.12.005,THE,Anchukaitis et al. (2013),https://ntrenddendro.wordpress.com/tr-data
134.15,43.15,natural_proxy,tree_proxy,NTREND_AG8,N-TREND,https://doi.org/10.1016/j.quascirev.2015.12.005,AG8,Cook et al. (2012),https://ntrenddendro.wordpress.com/tr-data
-118.9,49.7,natural_proxy,tree_proxy,P2k_NAm-cana234_bsummer,PAGES2k,https://doi.org/10.1038/sdata.2017.88,NAm-cana234,"Wilson, R.J.S. et al. 2007",https://doi.org/10.6084/m9.figshare.c.3285353.v2
-115.8,51.1,natural_proxy,tree_proxy,P2k_NAm-cana421_bsummer,PAGES2k,https://doi.org/10.1038/sdata.2017.88,NAm-cana421,"Colenutt, M. et al. 2013",https://doi.org/10.6084/m9.figshare.c.3285353.v2
-105,39.3,natural_proxy,tree_proxy,P2k_NAm-co553_bsummer,PAGES2k,https://doi.org/10.1038/sdata.2017.88,NAm-co553,Harlan. T. et al. 1996,https://doi.org/10.6084/m9.figshare.c.3285353.v2
-105.9,39.9,natural_proxy,tree_proxy,P2k_NAm-co586_bsummer,PAGES2k,https://doi.org/10.1038/sdata.2017.88,NAm-co586,"Brown, P.M. et al. 2005",https://doi.org/10.6084/m9.figshare.c.3285353.v2
-114.7,43.9,natural_proxy,tree_proxy,P2k_NAm-id008_bsummer,PAGES2k,https://doi.org/10.1038/sdata.2017.88,NAm-id008,"Briffa, K.R. et al. 1996",https://doi.org/10.6084/m9.figshare.c.3285353.v2
-114.5,44.6,natural_proxy,tree_proxy,P2k_NAm-id013_bsummer,PAGES2k,https://doi.org/10.1038/sdata.2017.88,NAm-id013,"Hughes, M.K. et al. 2005",https://doi.org/10.6084/m9.figshare.c.3285353.v2
-112.5,45.8,natural_proxy,tree_proxy,P2k_NAm-mt108_bsummer,PAGES2k,https://doi.org/10.1038/sdata.2017.88,NAm-mt108,"Briffa, K.R. et al. 1996",https://doi.org/10.6084/m9.figshare.c.3285353.v2
-114.3,45.9,natural_proxy,tree_proxy,P2k_NAm-mt115_bsummer,PAGES2k,https://doi.org/10.1038/sdata.2017.88,NAm-mt115,"Hughes, M.K. et al. 2005",https://doi.org/10.6084/m9.figshare.c.3285353.v2
-113.2,46.3,natural_proxy,tree_proxy,P2k_NAm-mt116_bsummer,PAGES2k,https://doi.org/10.1038/sdata.2017.88,NAm-mt116,"Hughes, M.K. et al. 2005",https://doi.org/10.6084/m9.figshare.c.3285353.v2
-113.4,46,natural_proxy,tree_proxy,P2k_NAm-mt119_bsummer,PAGES2k,https://doi.org/10.1038/sdata.2017.88,NAm-mt119,"Littell, J. et al. 2011",https://doi.org/10.6084/m9.figshare.c.3285353.v2
-114,49,natural_proxy,tree_proxy,P2k_NAm-mt126_bsummer,PAGES2k,https://doi.org/10.1038/sdata.2017.88,NAm-mt126,"Colenutt, M. et al. 2011",https://doi.org/10.6084/m9.figshare.c.3285353.v2
-115.5,40.2,natural_proxy,tree_proxy,P2k_NAm-nv512_bsummer,PAGES2k,https://doi.org/10.1038/sdata.2017.88,NAm-nv512,"Graybill, D.A. et al. 1994",https://doi.org/10.6084/m9.figshare.c.3285353.v2
-121.7,45.3,natural_proxy,tree_proxy,P2k_NAm-or043_bsummer,PAGES2k,https://doi.org/10.1038/sdata.2017.88,NAm-or043,"Briffa, K.R. et al. 1996",https://doi.org/10.6084/m9.figshare.c.3285353.v2
-121.3,47.3,natural_proxy,tree_proxy,P2k_NAm-wa056_bsummer,PAGES2k,https://doi.org/10.1038/sdata.2017.88,NAm-wa056,"Graumlich, L.J. et al. 2003",https://doi.org/10.6084/m9.figshare.c.3285353.v2
-107.1,44.2,natural_proxy,tree_proxy,P2k_NAm-wy021_bsummer,PAGES2k,https://doi.org/10.1038/sdata.2017.88,NAm-wy021,"Briffa, K.R. et al. 1996",https://doi.org/10.6084/m9.figshare.c.3285353.v2
-107.7,41.3,natural_proxy,tree_proxy,P2k_NAm-wy022_bsummer,PAGES2k,https://doi.org/10.1038/sdata.2017.88,NAm-wy022,"Briffa, K.R. et al. 1996",https://doi.org/10.6084/m9.figshare.c.3285353.v2
-110.1,44.4,natural_proxy,tree_proxy,P2k_NAm-wy023_bsummer,PAGES2k,https://doi.org/10.1038/sdata.2017.88,NAm-wy023,"Briffa, K.R. et al. 1996",https://doi.org/10.6084/m9.figshare.c.3285353.v2
-107.9,44.8,natural_proxy,tree_proxy,P2k_NAm-wy024_bsummer,PAGES2k,https://doi.org/10.1038/sdata.2017.88,NAm-wy024,"Briffa, K.R. et al. 1996",https://doi.org/10.6084/m9.figshare.c.3285353.v2
-106.2,41.4,natural_proxy,tree_proxy,P2k_NAm-wy030_bsummer,PAGES2k,https://doi.org/10.1038/sdata.2017.88,NAm-wy030,"Brown, P.M. et al. 2005",https://doi.org/10.6084/m9.figshare.c.3285353.v2
-142,62,natural_proxy,tree_proxy,P2k_NAm-ak116_bsummer,PAGES2k,https://doi.org/10.1038/sdata.2017.88,NAm-ak116,"D'Arrigo, R. et al. 2011",https://doi.org/10.6084/m9.figshare.c.3285353.v2
-152,67,natural_proxy,tree_proxy,P2k_NAm-ak117_bsummer,PAGES2k,https://doi.org/10.1038/sdata.2017.88,NAm-ak117,"D'Arrigo, R. et al. 2011",https://doi.org/10.6084/m9.figshare.c.3285353.v2
-141.6,68.7,natural_proxy,tree_proxy,P2k_NAm-ak132_bsummer,PAGES2k,https://doi.org/10.1038/sdata.2017.88,NAm-ak132,"Anchukaitis, K.J. et al. 2013",https://doi.org/10.6084/m9.figshare.c.3285353.v2
-71.35,54.21,natural_proxy,tree_proxy,P2k_NAm-STREC_bsummer,PAGES2k,https://doi.org/10.1038/sdata.2017.88,NAm-STREC,"Gennaretti, F. et al. 2014",https://doi.org/10.6084/m9.figshare.c.3285353.v2
-122.9,50.2,natural_proxy,lake_sediment_proxy,P2k_NAm-GreenLake_bsummer,PAGES2k,https://doi.org/10.1038/sdata.2017.88,NAm-GreenLake,"Menounos, B. et al. 0",https://doi.org/10.6084/m9.figshare.c.3285353.v2
87.83,50.3,natural_proxy,tree_proxy,P2k_Asia-Kur2.Magda.2011_bsummer,PAGES2k,https://doi.org/10.1038/sdata.2017.88,Asia-Kur2.Magda.2011,"Cook, E.R. et al. 2013",https://doi.org/10.6084/m9.figshare.c.3285353.v2
87.72,50.14,natural_proxy,tree_proxy,P2k_Asia-Korumdu.Panyushkina.2005_bsummer,PAGES2k,https://doi.org/10.1038/sdata.2017.88,Asia-Korumdu.Panyushkina.2005,"Cook, E.R. et al. 2013",https://doi.org/10.6084/m9.figshare.c.3285353.v2
144.15,43.15,natural_proxy,tree_proxy,NTREND_AG9,N-TREND,https://doi.org/10.1016/j.quascirev.2015.12.005,AG9,Cook et al. (2012),https://ntrenddendro.wordpress.com/tr-data
97.23,37.47,natural_proxy,tree_proxy,P2k_Asia-DLH1_bsummer,PAGES2k,https://doi.org/10.1038/sdata.2017.88,Asia-DLH1,"Shao, X.M. et al. 2013",https://doi.org/10.6084/m9.figshare.c.3285353.v2
144.15,51.15,natural_proxy,tree_proxy,NTREND_AG18,N-TREND,https://doi.org/10.1016/j.quascirev.2015.12.005,AG18,Cook et al. (2012),https://ntrenddendro.wordpress.com/tr-data
110.08,34.47,natural_proxy,tree_proxy,P2k_Asia-HSE_bsummer,PAGES2k,https://doi.org/10.1038/sdata.2017.88,Asia-HSE,"Shao, X.M. et al. 2013",https://doi.org/10.6084/m9.figshare.c.3285353.v2
145.47,43.22,natural_proxy,tree_proxy,P2k_Asia-ONB_bsummer,PAGES2k,https://doi.org/10.1038/sdata.2017.88,Asia-ONB,"Yasue, K. et al. 2013",https://doi.org/10.6084/m9.figshare.c.3285353.v2
107,47.77,natural_proxy,tree_proxy,P2k_Asia-MANHPS_bsummer,PAGES2k,https://doi.org/10.1038/sdata.2017.88,Asia-MANHPS,"Jacoby, G.C. et al. 2003",https://doi.org/10.6084/m9.figshare.c.3285353.v2
87.27,27.78,natural_proxy,tree_proxy,P2k_Asia-LUKUTD_bsummer,PAGES2k,https://doi.org/10.1038/sdata.2017.88,Asia-LUKUTD,"Krusic, P.J. et al. 2002",https://doi.org/10.6084/m9.figshare.c.3285353.v2
71.73,35.9,natural_proxy,tree_proxy,P2k_Asia-CGPCDD_bsummer,PAGES2k,https://doi.org/10.1038/sdata.2017.88,Asia-CGPCDD,"Cook, E.R. et al. 2013",https://doi.org/10.6084/m9.figshare.c.3285353.v2
97.03,31.12,natural_proxy,tree_proxy,P2k_Asia-QAMDPB_bsummer,PAGES2k,https://doi.org/10.1038/sdata.2017.88,Asia-QAMDJT,"Brauning, A. et al. 2013",https://doi.org/10.6084/m9.figshare.c.3285353.v2
28.325,62,natural_proxy,tree_proxy,P2k_Eur-FinnishLakes.Helama.2014_bsummer,PAGES2k,https://doi.org/10.1038/sdata.2017.88,Eur-FinnishLakes.Helama.2014,"Helama, S. et al. 2014",https://doi.org/10.6084/m9.figshare.c.3285353.v2
25,68,natural_proxy,tree_proxy,P2k_Eur-NScan.Esper.2012_bsummer,PAGES2k,https://doi.org/10.1038/sdata.2017.88,Eur-NScan.Esper.2012,"Esper, J. et al. 2012",https://doi.org/10.6084/m9.figshare.c.3285353.v2
10.7,47,natural_proxy,tree_proxy,P2k_Eur-CentralEu.Buntgen.2011_bsummer,PAGES2k,https://doi.org/10.1038/sdata.2017.88,Eur-CentralEu.Buntgen.2011,"Büntgen, U. et al. 2012",https://doi.org/10.6084/m9.figshare.c.3285353.v2
7.8,46.4,natural_proxy,tree_proxy,P2k_Eur-Lotschental.Buentgen.2006_bsummer,PAGES2k,https://doi.org/10.1038/sdata.2017.88,Eur-Lotschental.Buentgen.2006,"Büntgen, U. et al. 2006",https://doi.org/10.6084/m9.figshare.c.3285353.v2
1,42.5,natural_proxy,tree_proxy,P2k_Eur-SPyrenees.Linan.2012_bsummer,PAGES2k,https://doi.org/10.1038/sdata.2017.88,Eur-SPyrenees.Linan.2012,"Dorado-Linan, I. et al. 2012",https://doi.org/10.6084/m9.figshare.c.3285353.v2
15.73,68.73,natural_proxy,tree_proxy,P2k_Arc-McCarrol.Forfjordalen.2013_bsummer,PAGES2k,https://doi.org/10.1038/sdata.2017.88,Arc-McCarrol.Forfjordalen.2013,"McCarroll, D. et al. 0",https://doi.org/10.6084/m9.figshare.c.3285353.v2
27.33333333,68.49166667,natural_proxy,tree_proxy,P2k_Arc-McCarroll.Laanila.2013_bsummer,PAGES2k,https://doi.org/10.1038/sdata.2017.88,Arc-McCarroll.Laanila.2013,"Lindholm, M. et al. 0",https://doi.org/10.6084/m9.figshare.c.3285353.v2
-80.4,78.4,natural_proxy,ice_proxy,P2k_Arc-PrinceOfWales.Kinnard.2011_bsummer,PAGES2k,https://doi.org/10.1038/sdata.2017.88,Arc-PrinceOfWales.Kinnard.2011,"Kinnard, C. et al. 0",https://doi.org/10.6084/m9.figshare.c.3285353.v2
65.6,66.9,natural_proxy,tree_proxy,P2k_Arc-Schneider.2015.PolarUrals_bsummer,PAGES2k,https://doi.org/10.1038/sdata.2017.88,Arc-Schneider.2015.PolarUrals,"Wilson, R.J.S. et al. 2016",https://doi.org/10.6084/m9.figshare.c.3285353.v2
19.6,68.26,natural_proxy,tree_proxy,P2k_Arc-Tornetrask.Melvin.2013_bsummer,PAGES2k,https://doi.org/10.1038/sdata.2017.88,Arc-Tornetrask.Melvin.2013,"Melvin, T.M. et al. 2013",https://doi.org/10.6084/m9.figshare.c.3285353.v2
13.3375,63.2475,natural_proxy,tree_proxy,P2k_Arc-Zhang.Jamtland.2016_bsummer,PAGES2k,https://doi.org/10.1038/sdata.2017.88,Arc-Zhang.Jamtland.2016,"Wilson, R.J.S. et al. 2016",https://doi.org/10.6084/m9.figshare.c.3285353.v2
27.25,68.83333333,natural_proxy,tree_proxy,B14_europe_finl021.rwl,Breitenmoser 2014,https://doi.org/10.5194/cp-10-437-2014,Europe finl021.rwl,NA,http://cera-www.dkrz.de/WDCC/ui/Compact.jsp?acronym=EKF400_Input_Data
6.683333333,45.21666667,natural_proxy,tree_proxy,B14_europe_fran012.rwl,Breitenmoser 2014,https://doi.org/10.5194/cp-10-437-2014,Europe fran012.rwl,NA,http://cera-www.dkrz.de/WDCC/ui/Compact.jsp?acronym=EKF400_Input_Data
13,47.66666667,natural_proxy,tree_proxy,B14_europe_germ019.rwl,Breitenmoser 2014,https://doi.org/10.5194/cp-10-437-2014,Europe germ019.rwl,NA,http://cera-www.dkrz.de/WDCC/ui/Compact.jsp?acronym=EKF400_Input_Data
8,53,natural_proxy,tree_proxy,B14_europe_germ6.rwl,Breitenmoser 2014,https://doi.org/10.5194/cp-10-437-2014,Europe germ6.rwl,NA,http://cera-www.dkrz.de/WDCC/ui/Compact.jsp?acronym=EKF400_Input_Data
17.21666667,69.08333333,natural_proxy,tree_proxy,B14_europe_norw009.rwl,Breitenmoser 2014,https://doi.org/10.5194/cp-10-437-2014,Europe norw009.rwl,NA,http://cera-www.dkrz.de/WDCC/ui/Compact.jsp?acronym=EKF400_Input_Data
15.73333333,68.8,natural_proxy,tree_proxy,B14_europe_norw010.rwl,Breitenmoser 2014,https://doi.org/10.5194/cp-10-437-2014,Europe norw010.rwl,NA,http://cera-www.dkrz.de/WDCC/ui/Compact.jsp?acronym=EKF400_Input_Data
19.66666667,68.23333333,natural_proxy,tree_proxy,B14_europe_swed019w.rwl,Breitenmoser 2014,https://doi.org/10.5194/cp-10-437-2014,Europe swed019w.rwl,NA,http://cera-www.dkrz.de/WDCC/ui/Compact.jsp?acronym=EKF400_Input_Data
11,48.5,historical_proxy,documentary_proxy,Central_Europe_(Czech_Lands)_temp_index_(Dorbovolny)_OCTTindex,DOCU-CLIM,https://doi.org/10.1038/s41597-023-02303-y,NA,Dobrovolny et al. 2010,NA
10,51,historical_proxy,documentary_proxy,Central_Europe_(Germany)_temp_index_(GlaserRiemann)_OCTTindex,DOCU-CLIM,https://doi.org/10.1038/s41597-023-02303-y,NA,Glaser and Riemann 2009,NA
19.45,51.77,natural_proxy,documentary_proxy,Poland_TRecon_OctTRecon,DOCU-CLIM,https://doi.org/10.1038/s41597-023-02303-y,NA,Klimat Krakowa w XX wieku 2007,NA
7.367,47.1167,historical_proxy,documentary_proxy,Swiss_precip_index_(Pfister)_OCTDOCU_PRECIPITATION,DOCU-CLIM,https://doi.org/10.1038/s41597-023-02303-y,NA,Pfister 1992,NA
7.367,47.1167,historical_proxy,documentary_proxy,Swiss_temp_index_(Pfister)_OCTTindex,DOCU-CLIM,https://doi.org/10.1038/s41597-023-02303-y,NA,Pfister 1992,NA
-4.7278,37.5443,historical_proxy,documentary_proxy,Andalusia_SON_precip_indexDOCU_PRECIPITATION,DOCU-CLIM,https://doi.org/10.1038/s41597-023-02303-y,NA,Rodrigo et al. 1999; Rodrigo et al. 2000,NA
11,48.5,historical_proxy,documentary_proxy,Central_Europe_(Czech_Lands)_temp_index_(Dorbovolny)_NOVTindex,DOCU-CLIM,https://doi.org/10.1038/s41597-023-02303-y,NA,Dobrovolny et al. 2010,NA
10,51,historical_proxy,documentary_proxy,Central_Europe_(Germany)_temp_index_(GlaserRiemann)_NOVTindex,DOCU-CLIM,https://doi.org/10.1038/s41597-023-02303-y,NA,Glaser and Riemann 2009,NA
11,44,natural_proxy,documentary_proxy,Northern_Italy_TRecon_SONTRecon,DOCU-CLIM,https://doi.org/10.1038/s41597-023-02303-y,NA,Camuffo et al. 2010,NA
19.45,51.77,natural_proxy,documentary_proxy,Poland_TRecon_NovTRecon,DOCU-CLIM,https://doi.org/10.1038/s41597-023-02303-y,NA,Klimat Krakowa w XX wieku 2007,NA
7.367,47.1167,historical_proxy,documentary_proxy,Swiss_precip_index_(Pfister)_NOVDOCU_PRECIPITATION,DOCU-CLIM,https://doi.org/10.1038/s41597-023-02303-y,NA,Pfister 1992,NA
7.367,47.1167,historical_proxy,documentary_proxy,Swiss_temp_index_(Pfister)_NOVTindex,DOCU-CLIM,https://doi.org/10.1038/s41597-023-02303-y,NA,Pfister 1992,NA
14,42.5,natural_proxy,documentary_proxy,Western_Mediterranean_TRecon_SONTRecon,DOCU-CLIM,https://doi.org/10.1038/s41597-023-02303-y,NA,Camuffo et al. 2010,NA
14,47.5,historical_proxy,documentary_proxy,WesternMediterraneanRainfallONDOCU_PRECIPITATION,DOCU-CLIM,https://doi.org/10.1038/s41597-023-02303-y,NA,Camuffo et al. 2010,NA
11,48.5,historical_proxy,documentary_proxy,Central_Europe_(Czech_Lands)_temp_index_(Dorbovolny)_DECTindex,DOCU-CLIM,https://doi.org/10.1038/s41597-023-02303-y,NA,Dobrovolny et al. 2010,NA
10,51,historical_proxy,documentary_proxy,Central_Europe_(Germany)_temp_index_(GlaserRiemann)_DECTindex,DOCU-CLIM,https://doi.org/10.1038/s41597-023-02303-y,NA,Glaser and Riemann 2009,NA
19.45,51.77,natural_proxy,documentary_proxy,Poland_TRecon_DecTRecon,DOCU-CLIM,https://doi.org/10.1038/s41597-023-02303-y,NA,Klimat Krakowa w XX wieku 2007,NA
7.367,47.1167,historical_proxy,documentary_proxy,Swiss_precip_index_(Pfister)_DECDOCU_PRECIPITATION,DOCU-CLIM,https://doi.org/10.1038/s41597-023-02303-y,NA,Pfister 1992,NA
7.367,47.1167,historical_proxy,documentary_proxy,Swiss_temp_index_(Pfister)_DECTindex,DOCU-CLIM,https://doi.org/10.1038/s41597-023-02303-y,NA,Pfister 1992,NA
11,48.5,historical_proxy,documentary_proxy,Central_Europe_(Czech_Lands)_temp_index_(Dorbovolny)_JANTindex,DOCU-CLIM,https://doi.org/10.1038/s41597-023-02303-y,NA,Dobrovolny et al. 2010,NA
10,51,historical_proxy,documentary_proxy,Central_Europe_(Germany)_temp_index_(GlaserRiemann)_JANTindex,DOCU-CLIM,https://doi.org/10.1038/s41597-023-02303-y,NA,Glaser and Riemann 2009,NA
7.367,47.1167,historical_proxy,documentary_proxy,Swiss_precip_index_(Pfister)_JANDOCU_PRECIPITATION,DOCU-CLIM,https://doi.org/10.1038/s41597-023-02303-y,NA,Pfister 1992,NA
7.367,47.1167,historical_proxy,documentary_proxy,Swiss_temp_index_(Pfister)_JANTindex,DOCU-CLIM,https://doi.org/10.1038/s41597-023-02303-y,NA,Pfister 1992,NA
-4.7278,37.5443,historical_proxy,documentary_proxy,Andalusia_DJF_precip_indexDOCU_PRECIPITATION,DOCU-CLIM,https://doi.org/10.1038/s41597-023-02303-y,NA,Rodrigo et al. 1999; Rodrigo et al. 2000,NA
11,48.5,historical_proxy,documentary_proxy,Central_Europe_(Czech_Lands)_temp_index_(Dorbovolny)_FEBTindex,DOCU-CLIM,https://doi.org/10.1038/s41597-023-02303-y,NA,Dobrovolny et al. 2010,NA
10,51,historical_proxy,documentary_proxy,Central_Europe_(Germany)_temp_index_(GlaserRiemann)_FEBTindex,DOCU-CLIM,https://doi.org/10.1038/s41597-023-02303-y,NA,Glaser and Riemann 2009,NA
4.4,51.260197,natural_proxy,documentary_proxy,Low_Countries_TRecon_DJFTRecon,DOCU-CLIM,https://doi.org/10.1038/s41597-023-02303-y,NA,Van Engelen et al. 2003,NA
11,44,natural_proxy,documentary_proxy,Northern_Italy_TRecon_DJFTRecon,DOCU-CLIM,https://doi.org/10.1038/s41597-023-02303-y,NA,Camuffo et al. 2010,NA
7.367,47.1167,historical_proxy,documentary_proxy,Swiss_precip_index_(Pfister)_FEBDOCU_PRECIPITATION,DOCU-CLIM,https://doi.org/10.1038/s41597-023-02303-y,NA,Pfister 1992,NA
7.367,47.1167,historical_proxy,documentary_proxy,Swiss_temp_index_(Pfister)_FEBTindex,DOCU-CLIM,https://doi.org/10.1038/s41597-023-02303-y,NA,Pfister 1992,NA
14.5,54,historical_proxy,documentary_proxy,Western_Baltic_Ice_severity_indexsea_ice_severity,DOCU-CLIM,https://doi.org/10.1038/s41597-023-02303-y,NA,Koslowski and Glaser 1999,NA
14,42.5,natural_proxy,documentary_proxy,Western_Mediterranean_TRecon_DJFTRecon,DOCU-CLIM,https://doi.org/10.1038/s41597-023-02303-y,NA,Camuffo et al. 2010,NA
14,47.5,historical_proxy,documentary_proxy,WesternMediterraneanRainfallDJFDOCU_PRECIPITATION,DOCU-CLIM,https://doi.org/10.1038/s41597-023-02303-y,NA,Camuffo et al. 2010,NA
11,48.5,historical_proxy,documentary_proxy,Central_Europe_(Czech_Lands)_temp_index_(Dorbovolny)_MARTindex,DOCU-CLIM,https://doi.org/10.1038/s41597-023-02303-y,NA,Dobrovolny et al. 2010,NA
10,51,historical_proxy,documentary_proxy,Central_Europe_(Germany)_temp_index_(GlaserRiemann)_MARTindex,DOCU-CLIM,https://doi.org/10.1038/s41597-023-02303-y,NA,Glaser and Riemann 2009,NA
7.367,47.1167,historical_proxy,documentary_proxy,Swiss_precip_index_(Pfister)_MARDOCU_PRECIPITATION,DOCU-CLIM,https://doi.org/10.1038/s41597-023-02303-y,NA,Pfister 1992,NA
7.367,47.1167,historical_proxy,documentary_proxy,Swiss_temp_index_(Pfister)_MARTindex,DOCU-CLIM,https://doi.org/10.1038/s41597-023-02303-y,NA,Pfister 1992,NA
24.75,59.4,historical_proxy,documentary_proxy,Tallin_ice_break_upice_break_up,DOCU-CLIM,https://doi.org/10.1038/s41597-023-02303-y,NA,Tarand and Nordli 2001,NA
135.73,35.02,historical_proxy,documentary_proxy,Cherry_Kyoto_spring,DOCU-CLIM,https://doi.org/10.1038/s41597-023-02303-y,NA,Aono and Omoto 1994; Aono and Kazui 2008; Aono and Saito 2010,NA
175.4833333,-39.35,natural_proxy,tree_proxy,B14_australia_newz011.rwl,Breitenmoser 2014,https://doi.org/10.5194/cp-10-437-2014,Australia newz011.rwl,NA,http://cera-www.dkrz.de/WDCC/ui/Compact.jsp?acronym=EKF400_Input_Data
146.55,-42.66666667,natural_proxy,tree_proxy,B14_australia_ausl003.rwl,Breitenmoser 2014,https://doi.org/10.5194/cp-10-437-2014,Australia ausl003.rwl,NA,http://cera-www.dkrz.de/WDCC/ui/Compact.jsp?acronym=EKF400_Input_Data
146.5666667,-42.65,natural_proxy,tree_proxy,B14_australia_ausl009.rwl,Breitenmoser 2014,https://doi.org/10.5194/cp-10-437-2014,Australia ausl009.rwl,NA,http://cera-www.dkrz.de/WDCC/ui/Compact.jsp?acronym=EKF400_Input_Data
145.5333333,-41.85,natural_proxy,tree_proxy,B14_australia_ausl024.rwl,Breitenmoser 2014,https://doi.org/10.5194/cp-10-437-2014,Australia ausl024.rwl,NA,http://cera-www.dkrz.de/WDCC/ui/Compact.jsp?acronym=EKF400_Input_Data
-37.6299,73.9402,natural_proxy,ice_proxy,ISO2k_IC00SC16_bwinter,ISO2k,https://doi.org/10.5194/essd-12-2261-2020,IC00SC16,"WeiSSbach, S., Wegner, A., Opel, T., Oerter, H., Vinther, B. M. and Kipfstuhl, S.: Spatial and temporal oxygen isotope variability in northern Greenland –  implications for a new climate record over the past millennium, Climate of the Past, 12(2), 171–188, doi:10.5194/cp-12-171-2016, 2016.",https://doi.org/10.25921/57j8-vs18
-36.4033,76.617,natural_proxy,ice_proxy,ISO2k_IC00SC18_bwinter,ISO2k,https://doi.org/10.5194/essd-12-2261-2020,IC00SC18,"WeiSSbach, S., Wegner, A., Opel, T., Oerter, H., Vinther, B. M. and Kipfstuhl, S.: Spatial and temporal oxygen isotope variability in northern Greenland –  implications for a new climate record over the past millennium, Climate of the Past, 12(2), 171–188, doi:10.5194/cp-12-171-2016, 2016.",https://doi.org/10.25921/57j8-vs18
-49.2167,77.2533,natural_proxy,ice_proxy,ISO2k_IC00SC26_bwinter,ISO2k,https://doi.org/10.5194/essd-12-2261-2020,IC00SC26,"WeiSSbach, S., Wegner, A., Opel, T., Oerter, H., Vinther, B. M. and Kipfstuhl, S.: Spatial and temporal oxygen isotope variability in northern Greenland –  implications for a new climate record over the past millennium, Climate of the Past, 12(2), 171–188, doi:10.5194/cp-12-171-2016, 2016.",https://doi.org/10.25921/57j8-vs18
-43.83,65.18,natural_proxy,ice_proxy,ISO2k_IC10VID3_bwinter,ISO2k,https://doi.org/10.5194/essd-12-2261-2020,IC06VID3,"Vinther, B. M., Clausen, H. B., Johnsen, S. J., Rasmussen, S. O., Andersen, K. K., Buchardt, S. L., Dahl-Jensen, D., Seierstad, I. K., Siggaard-Andersen, M.-L., Steffensen, J. P., Svensson, A., Olsen, J. and Heinemeier, J.: A synchronized dating of three Greenland ice cores throughout the Holocene, Journal of Geophysical Research, 111(D13), doi:10.1029/2005jd006921, 2006.",https://doi.org/10.25921/57j8-vs18
-37.6248,75.2504,natural_proxy,ice_proxy,ISO2k_IC16WE17_bwinter,ISO2k,https://doi.org/10.5194/essd-12-2261-2020,IC16WE17,"WeiSSbach, S., Wegner, A., Opel, T., Oerter, H., Vinther, B. M. and Kipfstuhl, S.: Spatial and temporal oxygen isotope variability in northern Greenland –  implications for a new climate record over the past millennium, Climate of the Past, 12(2), 171–188, doi:10.5194/cp-12-171-2016, 2016.",https://doi.org/10.25921/57j8-vs18
-36.5,78.8333,natural_proxy,ice_proxy,ISO2k_IC16WE20_bwinter,ISO2k,https://doi.org/10.5194/essd-12-2261-2020,IC16WE20,"WeiSSbach, S., Wegner, A., Opel, T., Oerter, H., Vinther, B. M. and Kipfstuhl, S.: Spatial and temporal oxygen isotope variability in northern Greenland –  implications for a new climate record over the past millennium, Climate of the Past, 12(2), 171–188, doi:10.5194/cp-12-171-2016, 2016.",https://doi.org/10.25921/57j8-vs18
-38.5,72.6,natural_proxy,ice_proxy,ISO2k_IC97GRGI_bwinter,ISO2k,https://doi.org/10.5194/essd-12-2261-2020,IC10VIGI,"Vinther, B. M., Jones, P. D., Briffa, K. R., Clausen, H. B., Andersen, K. K., Dahl-Jensen, D. and Johnsen, S. J.: Climatic signals in multiple highly resolved stable isotope records from Greenland, Quaternary Science Reviews, 29(3-4), 522–538, doi:10.1016/j.quascirev.2009.11.002, 2010.",https://doi.org/10.25921/57j8-vs18
-72.86666667,-46.98333333,natural_proxy,lake_sediment_proxy,GIUB_Plomo_Lake_bwinter,Neukom 2014,https://doi.org/10.1038/nclimate2174,Site name: Lago Plomo,Elbert et al. (2011),NA
37.7,-3.316666667,natural_proxy,lake_sediment_proxy,GIUB_Lake_Challa_bwinter,Neukom 2014,https://doi.org/10.1038/nclimate2174,Site name: Lake Challa Kenya,Wolff et al. (2011),NA
145.8666667,-42.26666667,natural_proxy,tree_proxy,GIUB_Buckleys_Chance_bwinter,Neukom 2014,https://doi.org/10.1038/nclimate2174,Site name: Buckleys Chance,Buckley et al. (1997),NA
-70.81666667,-32.48333333,natural_proxy,tree_proxy,GIUB_chil002_bwinter,Neukom 2014,https://doi.org/10.1038/nclimate2174,Site name: El Asiento,La Marche et al. (1979b),NA
119,-4,natural_proxy,speleothem_proxy,GIUB_Flores_d18O_bwinter,Neukom 2014,https://doi.org/10.1038/nclimate2174,Site name: Bali,Charles et al. (2003),NA
-71.03333333,-31.96666667,natural_proxy,tree_proxy,B14_southamerica_chil002.rwl,Breitenmoser 2014,https://doi.org/10.5194/cp-10-437-2014,Southamerica chil002.rwl,NA,http://cera-www.dkrz.de/WDCC/ui/Compact.jsp?acronym=EKF400_Input_Data
-70.8333,-13.9333,natural_proxy,ice_proxy,GIUB_Quelccaya2013_Accumulation_bwinter,Neukom 2014,https://doi.org/10.1038/nclimate2174,Site name: ALT Composite 1,Soliz et al. (2009),NA
-70.25,-33.78333333,natural_proxy,tree_proxy,B14_southamerica_chil007.rwl,Breitenmoser 2014,https://doi.org/10.5194/cp-10-437-2014,Southamerica chil007.rwl,NA,http://cera-www.dkrz.de/WDCC/ui/Compact.jsp?acronym=EKF400_Input_Data
-38.08,72.1,natural_proxy,ice_proxy,P2k_Arc-GISP2.Grootes.1997_bwinter,PAGES2k,https://doi.org/10.1038/sdata.2017.88,Arc-GISP2.Grootes.1997,"Grootes, P.M. et al. 1997",https://doi.org/10.6084/m9.figshare.c.3285353.v2
24.02,79.83,natural_proxy,ice_proxy,P2k_Arc-Austfonna.Isaksson.2005_bwinter,PAGES2k,https://doi.org/10.1038/sdata.2017.88,Arc-Austfonna.Isaksson.2005,"Isaksson, E. et al. 2011",https://doi.org/10.6084/m9.figshare.c.3285353.v2
-37.63,73.94,natural_proxy,ice_proxy,P2k_Arc-NGTB16.Fischer.1998_bwinter,PAGES2k,https://doi.org/10.1038/sdata.2017.88,Arc-NGTB16.Fischer.1998,"Schwager, M. et al. 2004",https://doi.org/10.6084/m9.figshare.c.3285353.v2
-37.32,71.12,natural_proxy,ice_proxy,P2k_Arc-Crete.Vinther.2010_bwinter,PAGES2k,https://doi.org/10.1038/sdata.2017.88,Arc-Crete.Vinther.2010,"Vinther, B.M. et al. 2010",https://doi.org/10.6084/m9.figshare.c.3285353.v2
-122.9,50.2,natural_proxy,lake_sediment_proxy,P2k_NAm-GreenLake_bwinter,PAGES2k,https://doi.org/10.1038/sdata.2017.88,NAm-GreenLake,"Menounos, B. et al. 0",https://doi.org/10.6084/m9.figshare.c.3285353.v2
170.28,-43.23,natural_proxy,tree_proxy,P2k_Aus-Oroko.Cook.2002_bwinter,PAGES2k,https://doi.org/10.1038/sdata.2017.88,Aus-Oroko.Cook.2002,"Cook, E.R. et al. 2013",https://doi.org/10.6084/m9.figshare.c.3285353.v2
172,-42,natural_proxy,tree_proxy,GIUB_SouthAmerica-Villalba.2012.HABI_bwinter,Neukom 2014,https://doi.org/10.1038/nclimate2174,Site name: Pink Pine NZ,Duncan et al. (2010),NA
